2.07537 1.69958 -0.375787
2.07537 1.69958 -0.375787
2.07537 1.69958 -0.375787
2.07537 1.69958 -0.375787
2.07555 1.69958 -0.375961
2.07555 1.69958 -0.375961
2.07555 1.69958 -0.375961
2.07555 1.69958 -0.375961
2.07537 1.69667 -0.378704
2.07537 1.69484 -0.380529
2.0752 1.69303 -0.382164
2.0745 1.69116 -0.383342
2.07223 1.68946 -0.382768
2.06717 1.68798 -0.379189
2.05984 1.6868 -0.373039
2.04814 1.68534 -0.362802
2.03994 1.68381 -0.356129
2.02895 1.68246 -0.346486
2.01428 1.68136 -0.332922
1.99701 1.68272 -0.314281
1.97763 1.68215 -0.295483
1.95826 1.68186 -0.276402
1.93976 1.68187 -0.257893
1.9148 1.68219 -0.232611
1.90049 1.68294 -0.217549
1.88775 1.68612 -0.201631
1.87675 1.69159 -0.185166
1.86611 1.69301 -0.173096
1.85494 1.69462 -0.160314
1.84377 1.69652 -0.147249
1.8326 1.69869 -0.133907
1.81811 1.70352 -0.114594
1.81008 1.70607 -0.104013
1.80188 1.70874 -0.0931415
1.79402 1.71154 -0.0824806
1.77971 1.85025 0.0705423
1.77308 1.85282 0.0797425
1.76435 1.85546 0.0911083
1.75964 1.85828 0.0986407
1.7551 1.86115 0.106047
1.75091 1.86603 0.115119
1.74847 1.86916 0.12069
1.74969 1.87231 0.12262
1.75353 1.87538 0.121847
1.75842 1.87836 0.119936
1.76575 1.88131 0.115556
1.77081 1.88599 0.115183
1.77622 1.88869 0.112472
1.78181 1.89131 0.109508
1.78739 1.89382 0.106425
1.7928 1.89623 0.103432
1.79839 1.8986 0.100214
1.8038 1.89834 0.0945416
1.81165 1.90164 0.0899852
1.81689 1.90475 0.0878602
1.82195 1.90926 0.0873095
1.82649 1.91227 0.085784
1.83102 1.91518 0.0841549
1.83556 1.91795 0.0823851
1.8401 1.92065 0.0805519
1.84603 1.92336 0.0773294
1.85302 1.92995 0.076937
1.85668 1.93237 0.0756844
1.86 1.93476 0.0747619
1.86331 1.93711 0.073793
1.86663 1.94095 0.074318
1.86977 1.94317 0.0733982
1.87448 1.94538 0.0708929
1.87763 1.94745 0.0698264
1.88077 1.94866 0.0678941
1.88408 1.95151 0.0674317
1.88757 1.95431 0.0667339
1.89106 1.95705 0.0659901
1.89403 1.9597 0.0656694
1.897 1.96302 0.0660244
1.90189 1.96566 0.0637743
1.90468 1.96815 0.0634753
1.91061 1.97298 0.0623718
1.9141 1.9753 0.0611958
1.91724 1.97826 0.0610163
1.92021 1.98051 0.0602973
1.92318 1.98266 0.0594784
1.92754 1.98479 0.0572498
1.92981 1.98684 0.0570318
1.93225 1.9894 0.0571499
1.93522 1.99135 0.056129
1.93819 2.04403 0.105838
1.94081 2.04397 0.103163
1.94342 2.04432 0.100898
1.94761 2.04417 0.0965618
1.95023 2.04395 0.0937228
1.95267 2.04367 0.0910004
1.95564 2.04335 0.0877054
1.95966 2.04342 0.0837654
1.96419 2.04298 0.078788
1.96908 2.04244 0.0733623
1.97362 2.04181 0.0681876
1.98008 2.0411 0.0610194
1.98461 2.04026 0.0556429
1.98898 2.03974 0.050761
1.99247 2.03872 0.046256
1.99543 2.03765 0.042214
1.99858 2.03649 0.0379179
2.00399 1.99359 -0.0103974
2.00713 1.9923 -0.014829
2.0094 1.99094 -0.0184588
2.01114 1.98952 -0.0216193
2.01254 1.98779 -0.0247484
2.01411 1.98634 -0.0277747
2.01568 1.98481 -0.0308707
2.01551 1.98326 -0.0322433
2.01254 1.95037 -0.0621685
2.01149 1.94847 -0.0630228
2.00975 1.94659 -0.0631582
2.00783 1.94481 -0.0630138
2.00643 1.94303 -0.0634024
2.00521 1.94126 -0.0639494
2.00294 1.93864 -0.0642968
1.99875 1.93694 -0.0618144
1.99596 1.95148 -0.0444774
1.99264 1.94833 -0.0443158
1.98933 1.94523 -0.0440929
1.98636 1.94216 -0.0441968
1.98339 1.93911 -0.0442835
1.98043 1.93615 -0.0442757
1.97763 1.93381 -0.043819
1.97449 1.93088 -0.043608
1.97257 1.92805 -0.0445213
1.97013 1.92532 -0.0448038
1.96786 1.92263 -0.0452319
1.96559 1.92051 -0.0450764
1.96332 1.9179 -0.0454237
1.9607 1.91532 -0.0453782
1.95721 1.91275 -0.0444575
1.95512 1.91027 -0.0448479
1.95285 1.90787 -0.0449766
1.95093 1.90617 -0.0447574
1.94883 1.9051 -0.0437312
1.94657 1.90311 -0.0434595
1.9443 1.90119 -0.0431056
1.94203 1.89927 -0.0427551
1.93854 1.89741 -0.0411253
1.93609 1.89562 -0.0404725
1.934 1.8939 -0.0400978
1.93208 1.8922 -0.0398773
1.92999 1.89057 -0.0394124
1.92807 1.88896 -0.039101
1.92597 1.88629 -0.0396825
1.92388 1.88473 -0.0391474
1.92108 1.8832 -0.0378815
1.92004 1.88174 -0.0382949
1.91864 1.88029 -0.0383473
1.9169 1.87887 -0.0380222
1.91567 1.87642 -0.0392551
1.91428 1.87503 -0.0392492
1.90939 1.87728 -0.0321093
1.90782 1.87542 -0.0323954
1.90607 1.87362 -0.0324525
1.90415 1.87185 -0.0323
1.90241 1.87014 -0.0322724
1.90084 1.86605 -0.0347868
1.89909 1.86437 -0.0347188
1.89717 1.8627 -0.0344731
1.89473 1.86103 -0.0336956
1.89316 1.85943 -0.0337304
1.89141 1.85552 -0.0358962
1.88984 1.85395 -0.0358917
1.88862 1.8524 -0.0362237
1.88705 1.85089 -0.0361628
1.88513 1.84943 -0.0357024
1.88338 1.84542 -0.0379646
1.88059 1.84395 -0.0366454
1.87658 1.85136 -0.0252179
1.87466 1.84812 -0.0265421
1.87274 1.84497 -0.0277709
1.87082 1.84181 -0.0290041
1.86925 1.83864 -0.030609
1.86646 1.83439 -0.0320672
1.86471 1.83131 -0.0333977
1.86349 1.82827 -0.035219
1.86087 1.82224 -0.0386349
1.85965 1.81821 -0.0414378
1.85843 1.8152 -0.0432238
1.85703 1.81222 -0.0448122
1.85441 1.8093 -0.0451158
1.85232 1.80644 -0.0458738
1.85022 1.80358 -0.046644
1.84795 1.7995 -0.048457
1.84569 1.80214 -0.0435485
1.84342 1.79683 -0.0465861
1.8408 1.79348 -0.0473178
1.83818 1.79022 -0.0479582
1.83469 1.78703 -0.0476555
1.83225 1.78391 -0.0483318
1.8298 1.7809 -0.0489037
1.82736 1.77588 -0.0514838
1.82492 1.7728 -0.0521129
1.8223 1.7698 -0.0525005
1.81951 1.76684 -0.0526615
1.81706 1.76398 -0.0530804
1.81322 1.76119 -0.0520375
1.8106 1.75635 -0.0542566
1.80816 1.75359 -0.0545738
1.80554 1.75089 -0.0546509
1.8024 1.74828 -0.0541192
1.79943 1.72534 -0.0740946
1.79664 1.72291 -0.0737297
1.7921 1.72057 -0.071533
1.78914 1.71834 -0.0708002
1.78617 1.71614 -0.0700341
1.7832 1.71203 -0.0711759
1.78024 1.70996 -0.0702762
1.77744 1.70789 -0.0695544
1.77448 1.70588 -0.0686001
1.77099 1.70395 -0.0670366
1.76592 1.69997 -0.0659532
1.76243 1.69815 -0.0642787
1.75894 1.69644 -0.0624995
1.75528 1.6948 -0.0604743
1.75196 1.69322 -0.0587423
1.7483 1.69169 -0.056611
1.74481 1.68751 -0.0572974
1.74184 1.6861 -0.0557355
1.73765 1.68927 -0.0483812
1.73503 1.68644 -0.048587
1.73259 1.68361 -0.0489831
1.73032 1.68082 -0.0495036
1.7277 1.67816 -0.0495464
1.72508 1.6754 -0.0496876
1.72264 1.67277 -0.0498656
1.7188 1.67019 -0.0486125
1.71618 1.66773 -0.048456
1.71409 1.66529 -0.0487989
1.71182 1.66294 -0.0488808
1.70938 1.66052 -0.0488586
1.70728 1.65823 -0.0490497
1.70519 1.65595 -0.0492383
1.70274 1.65375 -0.0489939
1.69821 1.65157 -0.0466304
1.69576 1.6495 -0.0462656
1.69297 1.65043 -0.0425368
1.69035 1.64826 -0.0420927
1.68791 1.64613 -0.0417821
1.68564 1.64403 -0.0416081
1.68337 1.64203 -0.0413373
1.68128 1.64006 -0.041219
1.67866 1.63808 -0.0405809
1.67639 1.6362 -0.0401905
1.67395 1.63436 -0.0395898
1.67168 1.63254 -0.0391344
1.66958 1.6308 -0.0387844
1.66731 1.6291 -0.0382162
1.66557 1.62698 -0.0385878
1.66312 1.62531 -0.03781
1.66155 1.62373 -0.0378237
1.66033 1.62219 -0.0381441
1.65928 1.62063 -0.0386503
1.65824 1.6187 -0.0395369
1.65702 1.61237 -0.0446428
1.65579 1.61092 -0.0448783
1.6544 1.60952 -0.0448791
1.65213 1.60814 -0.0439864
1.65038 1.60681 -0.0435777
1.64829 1.60548 -0.0428064
1.64602 1.60423 -0.0417928
1.64393 1.60303 -0.0408984
1.64166 1.60143 -0.040224
1.63921 1.60034 -0.0388776
1.63677 1.59927 -0.0375
1.63258 1.59824 -0.0343441
1.62961 1.5973 -0.0323144
1.62682 1.59643 -0.0303959
1.62438 1.59516 -0.0292212
1.62211 1.59439 -0.0277147
1.61984 1.59368 -0.0261604
1.61775 1.60051 -0.0172391
1.61443 1.59904 -0.0153853
1.61181 1.59769 -0.014117
1.60972 1.5964 -0.0133171
1.60797 1.59512 -0.0128522
1.6057 1.59388 -0.0118187
1.60378 1.5917 -0.0120799
1.60239 1.59053 -0.0118575
1.59959 1.5883 -0.011296
1.59907 1.58721 -0.0118557
1.59837 1.58514 -0.0132355
1.59733 1.58407 -0.0132542
1.59645 1.58303 -0.0134187
1.59558 1.58199 -0.0135892
1.59436 1.581 -0.0133616
1.59314 1.58001 -0.0131258
1.59174 1.58348 -0.00825643
1.59052 1.58185 -0.00867227
1.58912 1.58027 -0.00884975
1.58773 1.57733 -0.0103994
1.5865 1.57577 -0.0107307
1.58493 1.57425 -0.010687
1.58354 1.57276 -0.0107755
1.58197 1.57126 -0.0107031
1.58092 1.56986 -0.0110608
1.5797 1.56704 -0.0126573
1.57865 1.56561 -0.0130381
1.57743 1.56421 -0.0132217
1.57603 1.56287 -0.0131641
1.57499 1.56153 -0.0134577
1.57376 1.55861 -0.0151573
1.57132 1.55728 -0.0140396
1.56992 1.55601 -0.0139163
1.56888 1.5572 -0.0116732
1.56765 1.55507 -0.0125859
1.56643 1.55295 -0.013486
1.56539 1.55081 -0.0145725
1.56451 1.5487 -0.0158115
1.56347 1.54664 -0.0168212
1.56242 1.54273 -0.0196885
1.56207 1.54064 -0.0214276
1.56155 1.53861 -0.0229368
1.56102 1.53654 -0.0244836
1.5605 1.5345 -0.0259956
1.55963 1.53041 -0.0292188
1.55875 1.52837 -0.0303847
1.55771 1.52632 -0.0313818
1.55579 1.52429 -0.0314959
1.55456 1.52231 -0.032255
1.55334 1.51698 -0.0363626
1.55055 1.52667 -0.023885
1.54933 1.52215 -0.0271779
1.54776 1.51763 -0.0301314
1.54531 1.5131 -0.032214
1.54357 1.50862 -0.0349517
1.54147 1.50411 -0.0373634
1.53938 1.49975 -0.0396346
1.53781 1.49542 -0.0423928
1.53589 1.49104 -0.0448522
1.5338 1.48393 -0.0498702
1.5317 1.47959 -0.0521144
1.52891 1.47526 -0.0536474
1.52664 1.47096 -0.0556754
1.52437 1.46676 -0.0576112
1.5221 1.46265 -0.0594553
1.51983 1.45581 -0.0640223
1.51739 1.46262 -0.05477
1.51495 1.4569 -0.0580432
1.5125 1.45119 -0.061315
1.50814 1.44547 -0.0626645
1.50517 1.43994 -0.0652367
1.50238 1.43444 -0.067936
1.49906 1.42604 -0.0730267
1.49575 1.42071 -0.0750358
1.49295 1.41522 -0.0777355
1.48981 1.40987 -0.0799447
1.48493 1.4046 -0.0803231
1.48196 1.39943 -0.0825312
1.47829 1.39117 -0.0871259
1.47393 1.38608 -0.0878521
1.46939 1.38098 -0.0884122
1.46503 1.37591 -0.0891187
1.46067 1.37107 -0.0895962
1.45037 1.36224 -0.0881273
1.44601 1.35265 -0.0933515
1.44147 1.34624 -0.0952275
1.43658 1.33982 -0.0967573
1.43152 1.33367 -0.0978473
1.42646 1.32771 -0.0987443
1.4214 1.31847 -0.102925
1.40831 1.30636 -0.101948
1.40324 1.30056 -0.102682
1.39818 1.29489 -0.103291
1.39312 1.2857 -0.107422
1.38823 1.28011 -0.108128
1.383 1.27454 -0.10846
1.37759 1.26913 -0.108455
1.37043 1.26374 -0.106696
1.36589 1.25863 -0.10726
1.36101 1.08123 -0.279779
1.35612 1.06961 -0.286512
1.35123 1.06073 -0.290508
1.34652 1.05239 -0.294132
1.34198 1.04438 -0.297604
1.33745 1.03617 -0.301271
1.32715 1.02778 -0.299371
1.31633 1.01685 -0.299472
1.30289 1.18882 -0.114068
1.28927 1.18341 -0.105867
1.27601 1.17813 -0.0978752
1.26257 1.17253 -0.0900441
1.24826 1.16228 -0.0859776
1.23325 1.15749 -0.075759
1.21231 1.15274 -0.059563
1.20306 1.14846 -0.0545999
1.19695 1.14448 -0.0524685
1.19136 1.13393 -0.0574275
1.1856 1.12685 -0.0587503
1.18141 1.11832 -0.0630938
1.17845 1.11158 -0.0668624
1.17461 1.10484 -0.0697674
1.17216 1.0981 -0.0740596
1.1692 1.09135 -0.0778444
1.16605 1.08471 -0.081342
1.16291 1.0765 -0.0864161
1.15942 1.06991 -0.0895148
1.15523 1.06344 -0.0917907
1.15122 1.05696 -0.0942555
1.14529 1.05039 -0.0948912
1.14127 1.04404 -0.0972336
1.13708 1.03617 -0.100912
1.13254 1.02991 -0.10263
1.12818 1.02381 -0.104374
1.12364 1.00076 -0.122882
1.11893 0.994785 -0.124145
1.11369 0.98893 -0.124765
1.10567 0.983171 -0.122495
1.1006 0.977568 -0.123037
1.09519 0.97219 -0.123004
1.08943 0.965383 -0.124052
1.08333 0.960093 -0.123233
1.07687 0.954892 -0.121976
1.07024 0.949849 -0.120387
1.06046 0.944881 -0.115581
1.05383 0.938691 -0.115139
1.04702 0.934083 -0.11294
1.04022 0.929534 -0.110682
1.03358 0.925178 -0.108406
1.02748 0.921108 -0.106367
1.02206 0.923731 -0.0983334
1.01631 0.91875 -0.097555
1.00775 0.913893 -0.0938605
1.00217 0.909168 -0.0930005
0.996059 0.904635 -0.0914242
0.989951 0.900303 -0.0896476
0.984366 0.896065 -0.0883008
0.978432 0.891887 -0.0865448
0.972847 0.887839 -0.0850074
0.967611 0.88368 -0.0839301
0.960106 0.879518 -0.0805875
0.955568 0.875633 -0.0799351
0.951728 0.871866 -0.0798622
0.948586 0.868151 -0.0804351
0.946318 0.864513 -0.081805
0.944572 0.860881 -0.0836913
0.94335 0.857306 -0.086044
0.942303 0.853747 -0.0885562
0.940383 0.850265 -0.0901186
0.938289 0.846882 -0.0914068
0.934973 0.843524 -0.0914487
0.931133 0.84018 -0.090953
0.927293 0.836955 -0.0903387
0.923454 0.833797 -0.0896563
0.919963 0.830759 -0.0892038
0.914902 0.827762 -0.0871391
0.910713 0.82491 -0.0858028
0.905826 0.822117 -0.0837093
0.90059 0.81937 -0.0812196
0.895179 0.816757 -0.0784222
0.890118 0.814308 -0.0758101
0.885056 0.811998 -0.0730589
0.879471 0.809862 -0.0696096
0.870919 0.807816 -0.0631036
0.865509 0.805764 -0.0597447
0.860971 0.804031 -0.0569402
0.85748 0.802406 -0.0550744
0.855211 0.800829 -0.0543821
0.85399 0.799267 -0.0547222
0.853466 0.797733 -0.055733
0.852942 0.796236 -0.0567061
0.851197 0.794801 -0.0563961
0.85015 0.793368 -0.0567818
0.848754 0.791917 -0.0568367
0.846834 0.790505 -0.0563284
0.84439 0.789191 -0.055199
0.841423 0.787937 -0.0534862
0.838107 0.786712 -0.0513952
0.832871 0.78554 -0.0473311
0.82938 0.784492 -0.0448885
0.82589 0.783511 -0.0423789
0.822225 0.782355 -0.0398695
0.818385 0.781554 -0.0368313
0.815069 0.780856 -0.0342132
0.812102 0.780242 -0.0318596
0.809309 0.779693 -0.0296157
0.805469 0.779189 -0.0262806
0.803201 0.778773 -0.024427
0.801106 0.778405 -0.0227011
0.799361 0.778208 -0.0211533
0.797615 0.777959 -0.0196568
0.795696 0.777716 -0.0179792
0.794299 0.777514 -0.016785
0.792729 0.777347 -0.0153814
0.79046 0.777216 -0.0132433
0.789238 0.777165 -0.0120732
0.787842 0.777113 -0.0107286
0.786445 0.776703 -0.00974261
0.785224 0.776744 -0.00847996
0.784351 0.776812 -0.00753879
0.783129 0.7769 -0.00622967
0.781908 0.777016 -0.00489109
0.78086 0.77716 -0.00370069
0.779813 0.777326 -0.00248752
0.77894 0.777517 -0.00142315
0.778068 0.77773 -0.000337716
0.777195 0.777798 0.000602822
0.776497 0.778037 0.00154041
0.775973 0.778296 0.00232215
0.775101 0.778599 0.00349803
0.774403 0.778888 0.00448543
0.773704 0.779193 0.00548873
0.773006 0.779509 0.00650252
0.772657 0.779834 0.00717718
0.772308 0.991532 0.219224
0.772134 0.991943 0.21981
0.771436 0.992355 0.22092
0.770912 0.992759 0.221847
0.770563 0.993207 0.222644
0.770388 0.993626 0.223238
0.772657 0.994054 0.221397
0.779813 0.994435 0.214622
0.800059 0.995916 0.195857
0.814894 0.995812 0.180918
0.825017 0.995363 0.170346
0.834966 0.994688 0.159722
0.84439 0.9938 0.14941
0.853815 0.992729 0.138914
0.863065 0.991531 0.128466
0.871792 0.990074 0.118282
0.879471 0.77473 -0.104741
0.890467 0.772731 -0.117736
0.897099 0.770519 -0.126581
0.903208 0.768101 -0.135107
0.908444 0.765633 -0.142811
0.913331 0.763081 -0.15025
0.915949 0.760362 -0.155587
0.914029 0.75757 -0.156459
0.908269 0.754935 -0.153335
0.897972 0.752315 -0.145657
0.891863 0.749936 -0.141927
0.886453 0.747666 -0.138787
0.880344 0.745566 -0.134778
0.873188 0.743758 -0.12943
0.865858 0.74197 -0.123888
0.858178 0.740292 -0.117887
0.84631 0.73863 -0.10768
0.837758 0.737463 -0.100295
0.829031 0.736475 -0.0925563
0.820828 0.735671 -0.085157
0.813323 0.735046 -0.0782771
0.806691 0.734574 -0.072117
0.800408 0.734305 -0.0661034
0.794823 0.734123 -0.0607001
0.787493 0.734064 -0.0534283
0.782431 0.733748 -0.0486833
0.77737 0.733954 -0.0434152
0.773006 0.734332 -0.0386739
0.768818 0.734741 -0.0340767
0.765152 0.735249 -0.0299029
0.761836 0.73585 -0.0259866
0.759044 0.736517 -0.0225267
0.755204 0.737255 -0.0179489
0.752935 0.73786 -0.0150751
0.751015 0.738802 -0.012213
0.74927 0.739805 -0.00946534
0.747525 0.740804 -0.00672047
0.745779 0.741843 -0.00393633
0.744034 0.742909 -0.00112519
0.742812 0.744039 0.00122659
0.740892 0.74521 0.00431735
0.739845 0.746448 0.00660309
0.739321 0.747675 0.00835315
0.738798 0.74892 0.0101222
0.737751 0.750142 0.0123918
0.736703 0.751395 0.0146919
0.73618 0.752727 0.0165471
0.735133 0.754031 0.0188983
0.734784 0.755366 0.0205827
0.734435 0.757765 0.0233303
0.734784 0.75912 0.024336
0.735307 0.76049 0.0251831
0.735831 0.761857 0.0260263
0.736005 0.763234 0.0272288
0.737053 0.764609 0.0275564
0.737751 0.76596 0.0282091
0.738449 0.76728 0.0288311
0.739496 0.767993 0.0284967
0.740543 0.769277 0.0287337
0.741416 0.770486 0.0290702
0.742289 0.771683 0.0293942
0.743336 0.772887 0.0295512
0.744208 0.7741 0.0298918
0.745081 0.775261 0.0301795
0.746128 0.77644 0.0303113
0.746826 0.779581 0.0327541
0.74735 0.780621 0.0332709
0.747525 0.781667 0.0341423
0.747525 0.782697 0.0351727
0.748048 0.783722 0.0356738
0.748921 0.784735 0.0358139
0.749968 0.785739 0.0357711
0.75119 0.786642 0.035452
0.752586 0.788747 0.0361605
0.753808 0.789687 0.0358798
0.75468 0.790595 0.0359149
0.755379 0.791473 0.0360947
0.756775 0.792286 0.0355108
0.757647 0.793124 0.0354766
0.758695 0.793924 0.0352296
0.759742 0.794719 0.0349769
0.76044 0.796195 0.0357547
0.760964 0.796865 0.0359013
0.761487 0.797531 0.0360435
0.761836 0.798188 0.0363521
0.762534 0.798827 0.0362927
0.763407 0.799461 0.0360536
0.764629 0.800081 0.0354524
0.765676 0.80067 0.0349942
0.766898 0.801219 0.0343216
0.768294 0.801931 0.0336375
0.769516 0.802464 0.0329481
0.771261 0.803048 0.0317871
0.772483 0.803596 0.0311131
0.773879 0.804113 0.0302337
0.774926 0.804598 0.0296715
0.775624 0.804975 0.0293507
0.776497 0.805428 0.0289315
0.77737 0.806926 0.0295559
0.778068 0.807234 0.0291666
0.779988 0.807537 0.0275498
0.781209 0.807792 0.0265822
0.782257 0.808014 0.0257574
0.783304 0.808218 0.0249147
0.784351 0.808394 0.0240428
0.784875 0.808546 0.0236717
0.785224 0.808689 0.0234657
0.785922 0.808823 0.0229011
0.78662 0.808941 0.0223206
0.787143 0.808871 0.0217271
0.787667 0.808957 0.0212899
0.787842 0.809031 0.0211893
0.788016 0.809101 0.0210848
0.788365 0.809167 0.0208018
0.788714 0.809225 0.0205112
0.788889 0.811753 0.0228642
0.789238 0.811776 0.0225379
0.789238 0.811791 0.0225527
0.788889 0.811805 0.0229165
0.78854 0.811828 0.0232885
0.788191 0.811859 0.0236682
0.788191 0.811898 0.0237071
0.788365 0.811937 0.0235719
0.789587 0.810544 0.0209573
0.790285 0.810376 0.0200906
0.790983 0.810192 0.0192087
0.791856 0.809992 0.0181361
0.792379 0.809778 0.0173985
0.792903 0.809246 0.0163428
0.793601 0.808992 0.0153906
0.794299 0.80872 0.0144207
0.795347 0.808432 0.0130852
0.796219 0.808127 0.0119081
0.796743 0.807499 0.0107564
0.796917 0.807152 0.0102348
0.796917 0.806799 0.00988172
0.797092 0.806444 0.0093522
0.796917 0.806093 0.00917551
0.796917 0.805396 0.00847894
0.796743 0.806723 0.00998012
0.796219 0.806377 0.0101577
0.79587 0.806039 0.0101693
0.795696 0.805712 0.0100164
0.795347 0.8048 0.00945338
0.794997 0.804478 0.00948049
0.795172 0.80416 0.00898848
0.794997 0.803834 0.00883615
0.794648 0.803514 0.00886597
0.794648 0.803396 0.00874739
0.794125 0.802753 0.00862771
0.793601 0.802125 0.00852359
0.793427 0.801506 0.00807899
0.793427 0.800384 0.00695769
0.793078 0.799755 0.00667701
0.792903 0.799123 0.00621964
0.793078 0.798508 0.00543088
0.793078 0.797887 0.00480918
0.793078 0.796707 0.00362972
0.792903 0.796066 0.00316276
0.792903 0.795425 0.00252188
0.792903 0.794798 0.00189483
0.793078 0.794167 0.00108976
0.793078 0.792603 -0.000474391
0.793252 0.79194 -0.00131177
0.793601 0.776468 -0.0171336
0.79395 0.774166 -0.0197847
0.794299 0.772594 -0.0217056
0.794648 0.770987 -0.0236611
0.794823 0.769373 -0.0254504
0.794299 0.767736 -0.0265636
0.793776 0.765389 -0.0283864
0.792903 0.763795 -0.029108
0.791681 0.763981 -0.0277
0.790285 0.762453 -0.0278322
0.788714 0.760948 -0.0277663
0.78662 0.758632 -0.0279882
0.784875 0.75716 -0.0277143
0.782082 0.755745 -0.0263367
0.780162 0.754432 -0.0257298
0.778417 0.753142 -0.0252753
0.776846 0.750548 -0.0262983
0.775101 0.753428 -0.0216729
0.773355 0.751583 -0.0217728
0.771959 0.748998 -0.0229608
0.770737 0.747294 -0.0234433
0.768992 0.745579 -0.0234129
0.76777 0.743904 -0.0238662
0.7662 0.742248 -0.0239516
0.764803 0.739789 -0.0250144
0.763582 0.764173 0.0005911
0.762534 0.762925 0.000390155
0.761138 0.761672 0.000534038
0.758869 0.760418 0.0015489
0.757298 0.758195 0.000896398
0.755902 0.757026 0.00112382
0.75468 0.755908 0.00122778
0.753982 0.754843 0.000860282
0.753459 0.72475 -0.028709
0.75311 0.722379 -0.0307303
0.752586 0.720067 -0.0325188
0.752062 0.717767 -0.0342959
0.752062 0.714609 -0.0374538
0.751888 0.712374 -0.0395135
0.750841 0.710093 -0.040748
0.74927 0.707809 -0.0414606
0.747175 0.703831 -0.0433446
0.744732 0.70077 -0.0439617
0.742463 0.698614 -0.0438495
0.738449 0.696497 -0.0419518
0.735831 0.694506 -0.0413246
0.733387 0.692542 -0.0408449
0.731293 0.689678 -0.0416152
0.729373 0.687869 -0.0415046
0.727453 0.686061 -0.0413918
0.725533 0.645252 -0.0802818
0.722566 0.642686 -0.0798803
0.720297 0.640217 -0.0800807
0.718028 0.637826 -0.0802023
0.715236 0.635526 -0.0797097
0.712792 0.633072 -0.0797205
0.710174 0.63086 -0.079314
0.706858 0.628696 -0.0781619
0.703019 0.55453 -0.148488
0.697957 0.551515 -0.146442
0.69499 0.548713 -0.146277
0.692023 0.545993 -0.14603
0.688358 0.543322 -0.145036
0.684169 0.540732 -0.143437
0.679282 0.538189 -0.141093
0.673173 0.535691 -0.137483
0.666367 0.533231 -0.133135
0.656942 0.531257 -0.125685
0.650484 0.529523 -0.120961
0.643328 0.527932 -0.115396
0.635823 0.526466 -0.109357
0.628144 0.525169 -0.102975
0.620465 0.525161 -0.0953037
0.613658 0.524236 -0.0894222
0.603884 0.523464 -0.0804201
0.597775 0.522916 -0.0748595
0.592539 0.522496 -0.0700437
0.587303 0.523307 -0.0639968
0.582765 0.523153 -0.0596127
0.578926 0.523103 -0.0558227
0.575261 0.52314 -0.0521205
0.571421 0.52326 -0.0481603
0.56601 0.523399 -0.0426112
0.56252 0.524671 -0.0378487
0.559029 0.525774 -0.0332548
0.556236 0.527208 -0.0290284
0.553444 0.52869 -0.0247543
0.550651 0.530252 -0.0203991
0.548208 0.531906 -0.0163017
0.545764 0.53335 -0.0124149
0.542448 0.535094 -0.00735478
0.540354 0.536925 -0.00342943
0.538434 0.538805 0.000370505
0.536514 0.540709 0.00419449
0.535118 0.542452 0.00733376
0.533722 0.544483 0.0107611
0.5325 0.546492 0.013992
0.531627 0.548552 0.016925
0.531104 0.550621 0.0195173
0.531104 0.585957 0.0548532
0.530929 0.586713 0.0557839
0.530929 0.58749 0.0565608
0.530929 0.587703 0.056774
0.531278 0.588439 0.0571604
0.531802 0.589178 0.0573765
0.533373 0.589918 0.0565454
0.535118 0.590613 0.0554951
0.537561 0.551642 0.0140811
0.540179 0.55183 0.0116507
0.542448 0.551955 0.00950698
0.544368 0.552032 0.00766344
0.546812 0.551779 0.00496692
0.54943 0.551746 0.00231611
0.552222 0.55165 -0.0005717
0.552746 0.551491 -0.00125442
0.55292 0.522342 -0.0305787
0.55292 0.521498 -0.0314222
0.552746 0.520659 -0.0320867
0.552397 0.519829 -0.0325679
0.552048 0.519842 -0.0322055
0.551175 0.519052 -0.0321232
0.548906 0.518277 -0.0306286
0.546812 0.51756 -0.0292515
0.544194 0.516884 -0.0273094
0.541401 0.517119 -0.0242822
0.538958 0.516601 -0.0223565
0.537038 0.516132 -0.0209057
0.535467 0.515715 -0.0197521
0.532849 0.516175 -0.0166736
0.531104 0.515867 -0.0152364
0.529184 0.515605 -0.0135791
0.527613 0.515385 -0.0122277
0.526566 0.516655 -0.00991128
0.525344 0.517211 -0.00813338
0.524646 0.517795 -0.00685065
0.524297 0.517928 -0.00636902
0.523424 0.518539 -0.00488537
0.522901 0.519157 -0.0037436
0.522377 0.519791 -0.00258617
0.521504 0.52043 -0.00107447
0.520632 0.520625 -6.86908e-06
0.519934 0.521312 0.00137858
0.519061 0.522012 0.0029514
0.518014 0.522718 0.00470382
0.517316 0.523459 0.00614352
0.516617 0.523852 0.00723447
0.515919 0.52461 0.0086905
0.51557 0.525397 0.00982649
0.515047 0.495362 -0.019685
0.514523 0.495359 -0.0191639
0.513999 0.495369 -0.0186307
0.512778 0.495391 -0.0173867
0.511905 0.496004 -0.0159011
0.511731 0.496088 -0.0156425
0.511032 0.496176 -0.0148562
0.507367 0.481756 -0.0256109
0.505971 0.481583 -0.0243882
0.503004 0.481341 -0.0216629
0.501957 0.481267 -0.0206896
0.501084 0.481547 -0.0195374
0.497419 0.498126 0.000706847
0.492183 0.49483 0.00264665
0.490961 0.494831 0.00386993
0.489216 0.493861 0.00464473
0.487645 0.492946 0.00530118
0.484503 0.461199 -0.0233045
0.482409 0.460967 -0.021442
0.48206 0.459731 -0.0223292
0.481885 0.458516 -0.0233696
0.481711 0.457298 -0.0244127
0.481536 0.45736 -0.0241764
0.480664 0.456174 -0.0244899
0.477697 0.456302 -0.0213946
0.470715 0.455888 -0.0148269
0.46897 0.455878 -0.0130918
0.467399 0.455909 -0.0114906
0.466177 0.454562 -0.0116159
0.464432 0.454624 -0.00980803
0.461291 0.454881 -0.00640905
0.45972 0.453835 -0.00588502
0.458673 0.454205 -0.00446752
0.458149 0.454409 -0.00373944
0.457451 0.462209 0.00475854
0.456404 0.46109 0.00468685
0.455356 0.459983 0.00462688
0.453611 0.45781 0.00419859
0.452389 0.456755 0.00436613
0.449946 0.495242 0.0452965
0.448201 0.492807 0.0446065
0.447851 0.492028 0.0441764
0.447677 0.490236 0.0425593
0.447502 0.41549 -0.0320125
0.452389 0.406724 -0.0456652
0.454658 0.402905 -0.0517536
0.456927 0.400954 -0.0559735
0.459022 0.398928 -0.0600937
0.461291 0.39692 -0.0643701
0.454484 0.38001 -0.0744733
0.451517 0.378001 -0.0735161
0.446804 0.376037 -0.0707677
0.443139 0.374202 -0.0689373
0.439648 0.419181 -0.0204675
0.436332 0.415756 -0.020576
0.418181 0.398523 -0.0196582
0.41661 0.395596 -0.0210143
0.415214 0.391252 -0.0239617
0.413818 0.388341 -0.0254764
0.41277 0.385445 -0.0273255
0.409978 0.338627 -0.0713513
0.408407 0.334933 -0.0734738
0.407185 0.328966 -0.078219
0.405789 0.325339 -0.0804505
0.404044 0.32178 -0.0822635
0.402473 0.318376 -0.0840967
0.401077 0.314929 -0.0861478
0.399506 0.30918 -0.0903263
0.397062 0.305724 -0.091338
0.395143 0.296508 -0.098635
0.39235 0.293061 -0.0992891
0.375246 0.277699 -0.0975468
0.370359 0.27468 -0.0956793
0.362854 0.271722 -0.0911323
0.357792 0.265475 -0.0923172
0.353255 0.262726 -0.0905284
0.344004 0.258017 -0.0859878
0.334929 0.249127 -0.0858012
0.323584 0.239437 -0.0841474
0.319395 0.235361 -0.0840345
0.315381 0.231487 -0.0838941
0.311716 0.227612 -0.0841042
0.307702 0.223885 -0.0838168
0.299673 0.215217 -0.0844563
0.285012 0.204868 -0.0801441
0.280649 0.199448 -0.0812014
0.27646 0.196262 -0.080198
0.27262 0.192764 -0.0798562
0.268955 0.189083 -0.079872
0.264941 0.185442 -0.0794987
0.256389 0.17851 -0.0778793
0.245393 0.1666 -0.0787934
0.241728 0.163458 -0.0782701
0.238237 0.160364 -0.077873
0.234572 0.154699 -0.079873
0.229336 0.151676 -0.0776604
0.226195 0.148805 -0.0773895
0.219213 0.14257 -0.076643
0.215199 0.13839 -0.0768095
0.199666 0.126156 -0.0735096
0.195302 0.122329 -0.0729729
0.191463 0.118619 -0.0728435
0.187623 0.114972 -0.0726505
0.183958 0.111429 -0.072529
0.180467 0.108005 -0.0724622
0.1775 0.104581 -0.0729186
0.174184 0.101242 -0.0729416
0.16249 0.091504 -0.0709862
0.148702 0.0801338 -0.0685682
0.145386 0.0773884 -0.0679975
0.140324 0.074763 -0.0655615
0.136834 0.0721127 -0.0647211
0.133343 0.0696379 -0.0637053
0.123046 0.0627616 -0.0602841
0.119904 0.0603606 -0.0595435
0.115366 0.0583174 -0.0570489
0.112225 0.0563449 -0.0558798
0.109083 0.0544555 -0.0546276
0.1028 0.0531638 -0.0496361
0.0890118 0.0457917 -0.0432201
0.0858702 0.0441472 -0.041723
0.0834267 0.0426102 -0.0408165
0.0808087 0.0406628 -0.0401459
0.0783653 0.0392388 -0.0391265
0.0734784 0.0364898 -0.0369886
0.0637045 0.0312001 -0.0325044
0.0619592 0.0301189 -0.0318403
0.0602139 0.0290956 -0.0311182
0.058294 0.0275693 -0.0307247
0.0565487 0.0265976 -0.0299511
0.0548033 0.0256771 -0.0291262
0.047822 0.0237353 -0.0240867
0.0445059 0.0216428 -0.0228631
0.0429351 0.0199358 -0.0229993
0.0413643 0.0189773 -0.022387
0.0390954 0.0180297 -0.0210657
0.0375246 0.0171359 -0.0203887
0.0356047 0.0163025 -0.0193022
0.0338594 0.0146658 -0.0191936
0.0322886 0.0138939 -0.0183947
0.0267035 0.00972241 -0.0169811
0.0258309 0.0105113 -0.0153196
0.0251327 0.00938021 -0.0157525
0.0240855 0.00722027 -0.0168653
0.0228638 0.00609326 -0.0167706
0.0174533 -0.00139421 -0.0188475
0.0171042 -0.00241529 -0.0195195
-0.0345575 -0.0910078 -0.0564503
-0.0347321 -0.0910078 -0.0562758
-0.0347321 -0.0910078 -0.0562758
-0.0350811 -0.0910635 -0.0559824
-0.0350811 -0.092429 -0.0573479
-0.0347321 -0.101264 -0.066532
-0.0349066 -0.103257 -0.0683504
-0.0359538 -0.104731 -0.0687773
-0.0371755 -0.106094 -0.0689186
-0.0383972 -0.107591 -0.0691941
-0.0394444 -0.109115 -0.0696705
-0.0404916 -0.119174 -0.078682
-0.0408407 -0.120991 -0.08015
-0.0415388 -0.122875 -0.0813364
-0.0438078 -0.124697 -0.0808896
-0.0469494 -0.126441 -0.0794914
-0.0493928 -0.141177 -0.091784
-0.0514872 -0.146835 -0.0953476
-0.0532325 -0.152615 -0.0993825
-0.0546288 -0.158377 -0.103748
-0.0553269 -0.163579 -0.108252
-0.0563741 -0.171843 -0.115468
-0.0579449 -0.177053 -0.119108
-0.0602139 -0.18243 -0.122217
-0.0630064 -0.187742 -0.124735
-0.0659734 -0.192978 -0.127005
-0.0698132 -0.198065 -0.128252
-0.0767945 -0.20633 -0.129536
-0.082205 -0.211408 -0.129203
-0.0881391 -0.216434 -0.128295
-0.0944223 -0.221329 -0.126907
-0.100356 -0.225988 -0.125632
-0.105941 -0.230649 -0.124707
-0.111876 -0.229563 -0.117687
-0.118159 -0.235411 -0.117252
-0.127409 -0.241422 -0.114013
-0.133692 -0.250663 -0.116971
-0.139801 -0.2565 -0.116699
-0.14556 -0.262209 -0.116648
-0.150971 -0.267756 -0.116785
-0.156731 -0.273225 -0.116494
-0.162316 -0.276864 -0.114549
-0.170868 -0.285591 -0.114723
-0.176453 -0.290913 -0.11446
-0.182212 -0.296112 -0.1139
-0.187797 -0.301222 -0.113424
-0.193557 -0.306208 -0.112651
-0.199666 -0.31107 -0.111404
-0.205949 -0.319574 -0.113625
-0.211883 -0.322516 -0.110634
-0.22061 -0.328826 -0.108217
-0.226544 -0.334843 -0.1083
-0.232303 -0.340865 -0.108562
-0.238063 -0.346851 -0.108788
-0.243822 -0.352757 -0.108934
-0.249757 -0.358542 -0.108786
-0.255516 -0.367407 -0.111891
-0.260927 -0.547581 -0.286654
-0.268781 -0.554951 -0.286171
-0.273668 -0.562204 -0.288536
-0.278904 -0.569138 -0.290234
-0.28414 -0.575605 -0.291465
-0.289899 -0.582096 -0.292197
-0.296357 -0.591504 -0.295147
-0.305258 -0.598427 -0.293169
-0.32306 -0.599094 -0.276034
-0.335976 -0.606057 -0.270081
-0.348368 -0.613089 -0.264721
-0.36076 -0.619985 -0.259225
-0.3735 -0.626836 -0.253336
-0.387114 -0.6333 -0.246186
-0.401077 -0.640761 -0.239684
-0.414516 -0.646723 -0.232207
-0.433016 -0.652599 -0.219583
-0.445757 -0.659812 -0.214055
-0.458673 -0.665243 -0.20657
-0.470715 -0.67053 -0.199815
-0.48206 -0.67561 -0.19355
-0.493405 -0.681639 -0.188234
-0.504226 -0.686314 -0.182088
-0.514523 -0.690895 -0.176372
-0.529358 -0.695384 -0.166025
-0.538609 -0.551109 -0.0125008
-0.547684 -0.553649 -0.00596513
-0.556585 -0.556042 0.00054364
-0.565661 -0.558439 0.00722239
-0.574737 -0.560601 0.0141357
-0.583638 -0.564855 0.0187833
-0.593586 -0.566811 0.0267759
-0.595681 -0.568499 0.0271815
-0.595855 -0.570105 0.02575
-0.595681 -0.571751 0.02393
-0.595332 -0.575625 0.0197066
-0.594983 -0.577347 0.0176357
-0.594459 -0.579044 0.0154156
-0.593586 -0.580718 0.0128685
-0.592365 -0.582443 0.00992175
-0.591841 -0.584204 0.00763731
-0.591143 -0.580013 0.0111298
-0.590445 -0.584221 0.0062242
-0.589572 -0.587345 0.00222742
-0.589223 -0.59055 -0.00132655
-0.589223 -0.593785 -0.00456197
-0.589398 -0.597004 -0.00760585
-0.589223 -0.600222 -0.0109987
-0.589049 -0.604488 -0.0154392
-0.589049 -0.607739 -0.0186905
-0.588874 -0.610932 -0.0220577
-0.588874 -0.614151 -0.0252772
-0.589398 -0.617498 -0.0281001
-0.590619 -0.620754 -0.030135
-0.591841 -0.624993 -0.0331515
-0.59411 -0.628206 -0.0340963
-0.59603 -0.631318 -0.0352879
-0.59795 -0.655104 -0.057154
-0.599695 -0.657776 -0.0580811
-0.601266 -0.660365 -0.0590987
-0.60336 -0.662857 -0.0594967
-0.605629 -0.665327 -0.0596977
-0.609818 -0.667803 -0.0579845
-0.614007 -0.67026 -0.0562528
-0.618545 -0.673349 -0.0548042
-0.622733 -0.675647 -0.0529137
-0.626748 -0.677778 -0.0510303
-0.63146 -0.6799 -0.0484394
-0.636173 -0.681979 -0.0458068
-0.640536 -0.683963 -0.0434273
-0.646121 -0.68654 -0.0404193
-0.649437 -0.688213 -0.038776
-0.65223 -0.689855 -0.0376255
-0.654498 -0.686421 -0.0319222
-0.656942 -0.688581 -0.0316391
-0.659211 -0.690707 -0.0314962
-0.661305 -0.692762 -0.0314568
-0.663051 -0.694737 -0.0316869
-0.665669 -0.696705 -0.0310364
-0.667065 -0.697607 -0.0305426
-0.668461 -0.699489 -0.0310282
-0.670032 -0.701308 -0.0312763
-0.671428 -0.703039 -0.0316105
-0.672301 -0.704858 -0.0325575
-0.673173 -0.706706 -0.033533
-0.674919 -0.707509 -0.0325902
-0.67649 -0.70925 -0.0327608
-0.678584 -0.710971 -0.0323871
-0.681202 -0.712608 -0.0314055
-0.68382 -0.714172 -0.0303519
-0.686263 -0.726135 -0.0398715
-0.688707 -0.726686 -0.0379786
-0.690976 -0.72718 -0.0362043
-0.693768 -0.727635 -0.0338665
-0.695339 -0.728038 -0.0326987
-0.697085 -0.728399 -0.0313148
-0.69883 -0.72873 -0.0299
-0.700575 -0.729021 -0.028446
-0.703019 -0.88808 -0.185061
-0.705288 -0.888583 -0.183295
-0.707382 -0.889053 -0.181671
-0.71 -0.889465 -0.179465
-0.711571 -0.889801 -0.17823
-0.713142 -0.886906 -0.173764
-0.716109 -0.887153 -0.171044
-0.722392 -0.887336 -0.164945
-0.730769 -0.748243 -0.0174739
-0.740194 -0.746463 -0.00626924
-0.754331 -0.744314 0.010017
-0.76428 -0.741961 0.0223186
-0.774403 -0.739343 0.0350599
-0.784351 -0.736566 0.0477848
-0.79203 -0.733624 0.0584063
-0.796219 -0.730322 0.0658975
-0.797092 -0.727276 0.0698156
-0.796394 -0.724172 0.0722216
-0.794125 -0.720979 0.0731455
-0.791681 -0.71781 0.073871
-0.788365 -0.714669 0.0736958
-0.785049 -0.711329 0.0737201
-0.782257 -0.708462 0.0737941
-0.779464 -0.705594 0.0738705
-0.776846 -0.844194 -0.0673476
-0.774054 -0.839528 -0.0654748
-0.770039 -0.834838 -0.0647989
-0.767072 -0.830146 -0.0630741
-0.764105 -0.825552 -0.0614464
-0.761487 -0.820996 -0.0595092
-0.760091 -0.81639 -0.0562988
-0.761313 -0.809108 -0.0477958
-0.765152 -0.765236 -8.37672e-05
-0.772134 -0.760272 0.0118612
-0.776497 -0.754975 0.021522
-0.780337 -0.749611 0.0307258
-0.784351 -0.742217 0.0421337
-0.788016 -0.736934 0.051082
-0.790634 -0.7314 0.0592345
-0.791507 -0.725836 0.0656709
-0.791332 -0.720242 0.0710907
-0.789587 -0.78661 0.0029765
-0.788191 -0.781932 0.00625868
-0.786794 -0.777386 0.0094085
-0.784525 -0.772798 0.0117279
-0.782082 -0.763822 0.0182603
-0.780162 -0.759076 0.0210861
-0.778591 -0.754473 0.0241179
-0.778417 -0.749862 0.0285544
-0.779464 -0.745159 0.0343049
-0.779813 -0.740542 0.0392707
-0.779464 -0.731169 0.048295
-0.779115 -0.726416 0.0526988
-0.778591 -0.721751 0.0568408
-0.778068 -0.717057 0.0610109
-0.777021 -0.712395 0.0646259
-0.774228 -0.70067 0.0735583
-0.77161 -0.679462 0.0921485
-0.767945 -0.672085 0.0958599
-0.763058 -0.659941 0.103117
-0.758346 -0.652286 0.10606
-0.754506 -0.644949 0.109557
-0.750666 -0.637534 0.113132
-0.746826 -0.629837 0.116989
-0.740892 -0.618345 0.122547
-0.738449 -0.612445 0.126004
-0.737576 -0.606734 0.130842
-0.737576 -0.600077 0.137499
-0.7381 -0.592741 0.145358
-0.738798 -0.580454 0.158344
-0.739147 -0.573457 0.16569
-0.739147 -0.567154 0.171992
-0.739147 -0.560923 0.178224
-0.739321 -0.479198 0.260123
-0.739321 -0.46982 0.269501
-0.738798 -0.460804 0.277994
-0.737925 -0.45245 0.285476
-0.737925 -0.443967 0.293959
-0.738798 -0.43511 0.303688
-0.739147 -0.426095 0.313052
-0.737402 -0.417393 0.320009
-0.735307 -0.584482 0.150825
-0.734609 -0.578365 0.156245
-0.73426 -0.572001 0.162259
-0.733213 -0.565425 0.167788
-0.731293 -0.555805 0.175488
-0.728849 -0.549525 0.179325
-0.727104 -0.543277 0.183827
-0.727104 -0.537009 0.190096
-0.726057 -0.579426 0.146631
-0.723264 -0.571141 0.152123
-0.718028 -0.563172 0.154857
-0.710349 -0.555297 0.155052
-0.701448 -0.547349 0.154099
-0.692372 -0.539457 0.152915
-0.678933 -0.528886 0.150047
-0.671254 -0.521106 0.150147
-0.664447 -0.512827 0.15162
-0.657815 -0.505027 0.152787
-0.651357 -0.497314 0.154043
-0.645423 -0.48931 0.156113
-0.640885 -0.47858 0.162305
-0.637743 -0.471034 0.166709
-0.632333 -0.463845 0.168488
-0.627097 -0.456774 0.170323
-0.621163 -0.426914 0.194248
-0.614879 -0.419401 0.195478
-0.607898 -0.412167 0.195731
-0.59987 -0.405133 0.194737
-0.591318 -0.39836 0.192957
-0.578577 -0.391508 0.187068
-0.569675 -0.381721 0.187954
-0.559553 -0.375226 0.184327
-0.549255 -0.368745 0.18051
-0.53983 -0.362569 0.177262
-0.530929 -0.356599 0.17433
-0.522028 -0.350863 0.171165
-0.513127 -0.341543 0.171584
-0.500386 -0.335775 0.16461
-0.492183 -0.330389 0.161793
-0.48398 -0.325223 0.158757
-0.475777 -0.333713 0.142064
-0.468097 -0.326369 0.141728
-0.460592 -0.318903 0.141689
-0.452913 -0.308881 0.144032
-0.445233 -0.301591 0.143643
-0.435111 -0.294418 0.140693
-0.428827 -0.287583 0.141245
-0.422719 -0.280842 0.141877
-0.416436 -0.271399 0.145036
-0.409978 -0.264675 0.145303
-0.40352 -0.258055 0.145466
-0.397411 -0.251661 0.14575
-0.387987 -0.245288 0.142699
-0.381878 -0.239157 0.142722
-0.375769 -0.230011 0.145759
-0.369486 -0.22388 0.145606
-0.362854 -0.217896 0.144958
-0.356396 -0.197241 0.159155
-0.350113 -0.188225 0.161888
-0.344004 -0.182322 0.161682
-0.334231 -0.176454 0.157777
-0.327249 -0.170767 0.156482
-0.320268 -0.165105 0.155163
-0.313461 -0.159643 0.153818
-0.306131 -0.151433 0.154698
-0.298102 -0.141255 0.156847
-0.290423 -0.136248 0.154175
-0.283092 -0.131391 0.151701
-0.271748 -0.126707 0.14504
-0.264068 -0.119163 0.144905
-0.256738 -0.114741 0.141997
-0.249582 -0.110518 0.139065
-0.241903 -0.106513 0.13539
-0.234398 -0.110492 0.123906
-0.227067 -0.104481 0.122587
-0.21677 -0.0985251 0.118245
-0.209789 -0.0927941 0.116994
-0.202807 -0.0858009 0.117006
-0.19635 -0.0803306 0.116019
-0.190415 -0.0749443 0.115471
-0.184656 -0.0696991 0.114957
-0.179071 -0.0644006 0.11467
-0.174009 -0.0579667 0.116043
-0.166504 -0.0528745 0.11363
-0.161268 -0.0479879 0.113281
-0.156207 -0.0431717 0.113035
-0.151146 -0.0384529 0.112693
-0.146084 -0.0339162 0.112168
-0.140848 -0.027883 0.112965
-0.135787 -0.0287109 0.107076
-0.131249 -0.0236089 0.10764
-0.124442 -0.0185903 0.105852
-0.119206 -0.0118987 0.107307
-0.113795 -0.00692817 0.106867
-0.108734 -0.00209253 0.106641
-0.103673 0.00250303 0.106176
-0.098262 0.00700173 0.105264
-0.093026 0.0131461 0.106172
-0.0855211 0.0176049 0.103126
-0.0802851 0.0218088 0.102094
-0.0745256 0.0259844 0.10051
-0.069115 0.0300191 0.0991341
-0.0644026 0.035805 0.100208
-0.0591667 0.0395341 0.0987007
-0.0539307 0.0433647 0.0972953
-0.0490438 0.0530069 0.102051
-0.042237 0.0603921 0.102629
-0.03735 0.0654487 0.102799
-0.0326377 0.0704126 0.10305
-0.0279253 0.0752575 0.103183
-0.0232129 0.0800124 0.103225
-0.0185005 0.086908 0.105409
-0.0137881 0.0915269 0.105315
-0.00925025 0.0929548 0.102205
-0.00191986 0.0975925 0.0995124
0.00279253 0.102055 0.0992621
0.00715585 0.106319 0.0991631
0.0109956 0.113208 0.102212
0.0153589 0.117264 0.101905
0.0204204 0.121384 0.100964
0.0254818 0.125475 0.0999929
0.0303687 0.116467 0.0860983
0.0382227 0.123255 0.0850326
0.0434587 0.12992 0.0864618
0.0485202 0.13651 0.0879894
0.0534071 0.143142 0.0897351
0.058294 0.149662 0.0913685
0.0628319 0.156223 0.0933914
0.0663225 0.1626 0.0962772
0.0710349 0.168926 0.0978911
0.0748746 0.175102 0.100228
0.0787143 0.181294 0.102579
0.082205 0.190339 0.108134
0.0860447 0.196253 0.110209
0.0905826 0.202143 0.111561
0.0954695 0.20803 0.11256
0.100182 0.213867 0.113685
0.10821 0.210238 0.102028
0.113795 0.217434 0.103638
0.119206 0.224592 0.105386
0.124442 0.231548 0.107106
0.130027 0.238304 0.108277
0.135612 0.245181 0.109568
0.141197 0.251931 0.110734
0.146608 0.258474 0.111866
0.15516 0.267781 0.112621
0.161094 0.274222 0.113128
0.166679 0.280602 0.113923
0.172089 0.286888 0.114798
0.177675 0.292971 0.115296
0.182736 0.301702 0.118966
0.187448 0.307729 0.12028
0.195477 0.313709 0.118232
0.201236 0.313048 0.111811
0.206472 0.32024 0.113768
0.211883 0.327316 0.115433
0.217817 0.334272 0.116455
0.223751 0.343559 0.119807
0.229511 0.350418 0.120907
0.235096 0.357065 0.12197
0.243124 0.363786 0.120662
0.24836 0.268501 0.0201403
0.253596 0.273431 0.0198343
0.259007 0.28047 0.0214626
0.264941 0.285249 0.0203082
0.270701 0.28997 0.0192695
0.275762 0.294553 0.018791
0.279602 0.299038 0.0194367
0.282045 0.303477 0.0214316
0.282569 0.3038 0.0212315
0.283441 0.31092 0.0274789
0.285012 0.316484 0.0314717
0.286583 0.321967 0.0353837
0.287979 0.327431 0.0394521
0.28955 0.332755 0.0432049
0.292343 0.339762 0.0474197
0.293739 0.345275 0.0515356
0.295135 0.35077 0.055635
0.296881 0.356093 0.0592126
0.2988 0.361423 0.0626223
0.30072 0.366662 0.0659416
0.302989 0.373562 0.0705732
0.305782 0.378893 0.0731117
0.310669 0.384206 0.0735376
0.313636 0.389336 0.0757
0.316777 0.409593 0.0928157
0.319919 0.414622 0.0947027
0.323235 0.419504 0.0962693
0.326551 0.424354 0.0978029
0.330216 0.431727 0.101511
0.333881 0.436496 0.102614
0.339816 0.441194 0.101378
0.344703 0.445827 0.101125
0.349939 0.450362 0.100423
0.354476 0.457252 0.102775
0.359189 0.461512 0.102323
0.36425 0.465754 0.101504
0.369486 0.469942 0.100456
0.377166 0.474069 0.0969036
0.382402 0.480702 0.0983008
0.387987 0.484546 0.0965596
0.393223 0.488295 0.0950727
0.398459 0.489658 0.0911996
0.403869 0.494609 0.0907402
0.40928 0.499694 0.0904146
0.414167 0.504643 0.0904768
0.420973 0.51118 0.0902067
0.425511 0.515904 0.0903929
0.4297 0.520539 0.0908384
0.433889 0.525037 0.0911477
0.438252 0.5294 0.0911474
0.443139 0.535672 0.0925325
0.448026 0.540016 0.0919897
0.452564 0.54421 0.0916461
0.459545 0.54836 0.0888149
0.463909 0.552341 0.0884321
0.467923 0.556208 0.0882854
0.471937 0.562321 0.0903839
0.476475 0.613299 0.136824
0.480838 0.616086 0.135248
0.485027 0.618731 0.133704
0.489565 0.622679 0.133114
0.49707 0.625122 0.128052
0.501433 0.62749 0.126057
0.506145 0.629761 0.123616
0.511731 0.631943 0.120212
0.517839 0.635383 0.117544
0.523948 0.637281 0.113333
0.530406 0.639047 0.108642
0.540005 0.640715 0.10071
0.546812 0.642171 0.0953594
0.553444 0.644931 0.0914866
0.559902 0.646103 0.0862017
0.56601 0.647131 0.0811204
0.57177 0.645617 0.0738468
0.576831 0.647389 0.0705575
0.581544 0.649061 0.0675174
0.5887 0.650686 0.061986
0.593063 0.65228 0.059217
0.597426 0.653594 0.0561673
0.60179 0.654834 0.0530445
0.605804 0.655991 0.0501874
0.60912 0.657059 0.0479388
0.612087 0.658029 0.0459423
0.615054 0.659009 0.0439548
0.618894 0.659881 0.0409868
0.621337 0.66067 0.0393325
0.62413 0.661391 0.0372612
0.626748 0.66205 0.0353019
0.628842 0.662124 0.0332817
0.630937 0.566912 -0.0640249
0.633205 0.567023 -0.0661821
0.636696 0.566039 -0.0706574
0.638791 0.565005 -0.0737859
0.640885 0.56393 -0.0769544
0.642979 0.562784 -0.0801949
0.643677 0.562667 -0.0810102
0.643154 0.561482 -0.0816717
0.640885 0.674967 0.0340819
0.637569 0.67382 0.0362517
0.632333 0.672714 0.0403816
0.629191 0.671714 0.0425226
0.625701 0.670453 0.0447525
0.62221 0.669623 0.047413
0.619592 0.668847 0.049255
0.619417 0.668118 0.0487002
0.620988 0.63438 0.0133918
0.623781 0.629841 0.00606069
0.628842 0.625209 -0.00363322
0.632507 0.619441 -0.0130664
0.636522 0.614584 -0.0219381
0.640536 0.609435 -0.0311013
0.643503 0.604416 -0.0390865
0.645074 0.599413 -0.0456606
0.645946 0.593175 -0.0527713
0.645772 0.587931 -0.0578407
0.644899 0.582681 -0.0622185
0.643852 0.57732 -0.0665317
0.642805 0.572032 -0.070773
0.641932 0.565635 -0.0762968
0.641059 0.560638 -0.0804215
0.639838 0.555562 -0.0842757
0.637743 0.436992 -0.200751
0.633729 0.431782 -0.201947
0.630587 0.42663 -0.203957
0.627446 0.421747 -0.205699
0.624653 0.417212 -0.207442
0.621861 0.411574 -0.210287
0.618196 0.406907 -0.211288
0.612436 0.402237 -0.210199
0.604931 0.50299 -0.101941
0.591667 0.498122 -0.0935444
0.583638 0.490593 -0.0930452
0.57561 0.485842 -0.0897677
0.566883 0.481206 -0.0856766
0.557807 0.476983 -0.0808238
0.549081 0.472801 -0.0762792
0.542623 0.464225 -0.0783979
0.538609 0.429524 -0.109085
0.533024 0.422435 -0.110589
0.528835 0.416867 -0.111968
0.525344 0.411536 -0.113808
0.522552 0.406271 -0.116281
0.520108 0.401209 -0.118899
0.517141 0.396161 -0.12098
0.513476 0.389554 -0.123922
0.506145 0.384398 -0.121748
0.501259 0.37948 -0.121779
0.496721 0.374745 -0.121975
0.492008 0.370102 -0.121906
0.486598 0.363849 -0.122749
0.481536 0.359297 -0.122239
0.476475 0.354851 -0.121623
0.471588 0.350587 -0.121001
0.464258 0.327506 -0.136752
0.459196 0.32099 -0.138206
0.453611 0.31416 -0.139451
0.448201 0.307716 -0.140485
0.442615 0.301481 -0.141134
0.43738 0.295421 -0.141958
0.432493 0.289494 -0.142999
0.427257 0.283691 -0.143566
0.418879 0.277475 -0.141404
0.413119 0.271726 -0.141393
0.407011 0.266124 -0.140886
0.400728 0.26074 -0.139988
0.394619 0.255573 -0.139046
0.387987 0.249935 -0.138052
0.381354 0.24495 -0.136404
0.37193 0.239985 -0.131945
0.365472 0.235913 -0.129559
0.359189 0.231084 -0.128105
0.353255 0.226273 -0.126982
0.347495 0.22172 -0.125775
0.341561 0.217285 -0.124276
0.335801 0.211798 -0.124003
0.329867 0.207407 -0.12246
0.321315 0.20324 -0.118075
0.31573 0.199279 -0.116451
0.310145 0.195435 -0.11471
0.30456 0.190562 -0.113998
0.2988 0.186929 -0.111871
0.292866 0.183337 -0.109529
0.286583 0.179915 -0.106668
0.280823 0.176609 -0.104214
0.272969 0.171354 -0.101615
0.267908 0.171071 -0.0968372
0.263021 0.167531 -0.0954905
0.258483 0.162213 -0.0962698
0.253945 0.158855 -0.0950905
0.249408 0.155537 -0.0938708
0.245393 0.152281 -0.0931123
0.239983 0.149132 -0.0908509
0.236841 0.144194 -0.0926472
0.2337 0.141225 -0.0924749
0.230209 0.138341 -0.0918683
0.22602 0.135533 -0.0904876
0.222006 0.132753 -0.0892528
0.218341 0.127619 -0.0907217
0.214675 0.125016 -0.0896591
0.208916 0.122465 -0.0864509
0.204727 0.120069 -0.0846581
0.200713 0.128503 -0.0722103
0.196524 0.124763 -0.0717615
0.191812 0.121153 -0.0706586
0.187099 0.117602 -0.0694973
0.182911 0.114112 -0.0687987
0.178722 0.110712 -0.0680095
0.172962 0.107347 -0.0656151
0.169995 0.104164 -0.0658309
0.167203 0.101081 -0.0661215
0.164061 0.0980405 -0.0660205
0.161268 0.0950511 -0.0662173
0.15865 0.0921393 -0.0665112
0.155858 0.0891749 -0.066683
0.153589 0.0863621 -0.0672268
0.149749 0.0835519 -0.0661974
0.147306 0.0808887 -0.0664171
0.145037 0.080097 -0.0649399
0.142419 0.0772936 -0.0651253
0.139801 0.0746101 -0.0651908
0.137008 0.0718911 -0.0651172
0.134041 0.0692643 -0.064777
0.129678 0.0666592 -0.0630187
0.12706 0.0641947 -0.0628652
0.124617 0.0617745 -0.062842
0.121824 0.0570226 -0.0648014
0.119206 0.054581 -0.064625
0.116413 0.0517322 -0.0646813
0.113446 0.0493466 -0.0640998
0.110479 0.0470408 -0.0634386
0.106291 0.0447633 -0.0615272
0.103498 0.04263 -0.060868
0.100705 0.040163 -0.0605425
0.0977384 0.0431554 -0.054583
0.0944223 0.0404011 -0.0540212
0.0911062 0.0376885 -0.0534177
0.0881391 0.0350194 -0.0531197
0.0851721 0.0324313 -0.0527408
0.0804597 0.0298668 -0.0505929
0.0783653 0.0274368 -0.0509285
0.0762709 0.0250938 -0.0511771
0.074002 0.0219197 -0.0520823
0.071733 0.0367573 -0.0349758
0.0692896 0.0350785 -0.0342111
0.066497 0.0334641 -0.033033
0.0631809 0.0318598 -0.0313211
0.0610865 0.0296084 -0.0314781
0.0591667 0.028162 -0.0310047
0.0575959 0.0267509 -0.030845
0.0563741 0.0253753 -0.0309988
0.0553269 0.0207846 -0.0345423
0.0542797 0.018602 -0.0356778
0.0535816 0.0164303 -0.0371513
0.0516617 0.0142859 -0.0373758
0.0502655 0.0110393 -0.0392262
0.0490438 0.00889642 -0.0401473
0.047473 0.00686271 -0.0406102
0.0457276 0.00486355 -0.0408641
0.0445059 0.0136115 -0.0308944
0.0431096 0.0109068 -0.0322029
0.0415388 0.00925212 -0.0322867
0.0385718 0.0075874 -0.0309844
0.0363028 0.00601784 -0.030285
0.0338594 0.00450861 -0.0293508
0.0319395 0.00182652 -0.030113
0.0301942 0.000389557 -0.0298046
0.0289725 -0.00750081 -0.0364733
0.0280998 -0.0100321 -0.0381319
0.0274017 -0.0140048 -0.0414064
0.0256563 -0.0164527 -0.0421091
0.0242601 -0.0188899 -0.04315
0.0225147 -0.0212964 -0.0438111
0.0207694 -0.0236642 -0.0444336
0.0188496 -0.0275202 -0.0463698
0.0171042 -0.138364 -0.155468
0.0150098 -0.141469 -0.156479
0.0129154 -0.144616 -0.157532
0.0115192 -0.148659 -0.160178
0.00977384 -0.151559 -0.161333
0.00802851 -0.154524 -0.162552
0.00523599 -0.157483 -0.162719
0.000349066 -0.160363 -0.160712
-0.00593412 -0.164667 -0.158733
-0.0132645 -0.0828946 -0.0696301
-0.0242601 -0.086609 -0.0623489
-0.0312414 -0.090091 -0.0588496
-0.0387463 -0.0935624 -0.0548161
-0.0467748 -0.0968684 -0.0500936
-0.0546288 -0.0999615 -0.0453327
-0.0612611 -0.102949 -0.0416875
-0.0659734 -0.105724 -0.0397501
-0.0692896 -0.108425 -0.0391358
-0.0734784 -0.111113 -0.0376346
-0.0760964 -0.113605 -0.037509
-0.0783653 -0.117738 -0.0393726
-0.0802851 -0.12027 -0.0399853
-0.0825541 -0.122691 -0.0401373
-0.0846485 -0.125022 -0.0403735
-0.0865683 -0.127372 -0.0408037
-0.0895354 -0.105322 -0.0157867
-0.0914553 -0.107622 -0.0161668
-0.0935496 -0.109905 -0.0163554
-0.0959931 -0.112129 -0.0161356
-0.0984366 -0.114286 -0.0158492
-0.100531 -0.1164 -0.0158692
-0.102276 -0.118491 -0.0162146
-0.103323 -0.120531 -0.0172074
-0.104022 -0.123947 -0.0199256
-0.104545 -0.126001 -0.0214562
-0.104894 -0.128033 -0.0231386
-0.105069 -0.130046 -0.0249768
-0.105592 -0.132066 -0.0264736
-0.106465 -0.13542 -0.0289552
-0.107338 -0.13744 -0.0301024
-0.108559 -0.139429 -0.0308699
-0.110305 -0.134406 -0.0241015
-0.111352 -0.137297 -0.0259448
-0.112574 -0.140165 -0.0275917
-0.114319 -0.14304 -0.0287213
-0.11589 -0.147183 -0.031293
-0.117461 -0.150062 -0.0326017
-0.119381 -0.152876 -0.0334955
-0.120951 -0.155632 -0.0346807
-0.122697 -0.158399 -0.0357023
-0.124267 -0.162404 -0.0381367
-0.125489 -0.165097 -0.0396079
-0.126536 -0.167748 -0.0412121
-0.127933 -0.170304 -0.0423714
-0.129678 -0.172902 -0.0432237
-0.131249 -0.176839 -0.0455901
-0.134565 -0.179409 -0.0448439
-0.137183 -0.181904 -0.0447207
-0.139452 -0.241394 -0.101942
-0.142419 -0.246353 -0.103935
-0.145211 -0.251198 -0.105987
-0.14748 -0.256043 -0.108562
-0.149749 -0.262183 -0.112433
-0.152018 -0.26694 -0.114922
-0.155334 -0.271785 -0.116451
-0.158476 -0.276429 -0.117953
-0.16249 -0.207905 -0.0454146
-0.167377 -0.210641 -0.0432636
-0.172962 -0.21446 -0.0414976
-0.178722 -0.21705 -0.0383283
-0.183783 -0.219511 -0.0357275
-0.189019 -0.221844 -0.0328251
-0.196175 -0.22406 -0.0278854
-0.198968 -0.227962 -0.0289946
-0.200713 -0.190275 0.0104377
-0.202633 -0.195154 0.00747833
-0.204029 -0.19995 0.00407916
-0.205251 -0.204752 0.000499119
-0.206472 -0.209406 -0.00293349
-0.207869 -0.214148 -0.00627917
-0.208567 -0.218895 -0.0103279
-0.208741 -0.223532 -0.0147904
-0.208043 -0.228029 -0.0199857
-0.207694 -0.232723 -0.0250286
-0.207869 -0.237433 -0.0295639
-0.208043 -0.242147 -0.0341035
-0.208916 -0.246969 -0.0380535
-0.210661 -0.252832 -0.0421706
-0.211185 -0.257505 -0.0463202
-0.212058 -0.262148 -0.0500904
-0.213454 -0.266753 -0.0532989
-0.215025 -0.2611 -0.0460754
-0.216944 -0.266604 -0.0496595
-0.219213 -0.271987 -0.0527741
-0.221657 -0.277517 -0.0558605
-0.225671 -0.283096 -0.0574252
-0.228464 -0.288479 -0.0600151
-0.230733 -0.293752 -0.0630193
-0.232652 -0.298869 -0.0662162
-0.235096 -0.307115 -0.0720194
-0.237365 -0.31237 -0.0750054
-0.239634 -0.317671 -0.0780376
-0.243648 -0.322902 -0.079254
-0.245917 -0.327995 -0.0820781
-0.24836 -0.336285 -0.0879245
-0.251851 -0.341274 -0.0894227
-0.255865 -0.346166 -0.0903004
-0.260578 -0.338183 -0.0776051
-0.26529 -0.344716 -0.0794261
-0.269828 -0.351211 -0.081383
-0.276286 -0.36083 -0.0845448
-0.280649 -0.367197 -0.0865481
-0.285187 -0.373562 -0.0883756
-0.289376 -0.379849 -0.0904739
-0.293739 -0.385994 -0.0922553
-0.297753 -0.395011 -0.0972577
-0.301767 -0.401173 -0.0994054
-0.306131 -0.407161 -0.10103
-0.312414 -0.413136 -0.100722
-0.316603 -0.419055 -0.102453
-0.320617 -0.427902 -0.107285
-0.324457 -0.43357 -0.109113
-0.328122 -0.439199 -0.111077
-0.33266 -0.440264 -0.107605
-0.337896 -0.447434 -0.109538
-0.342783 -0.45464 -0.111858
-0.350462 -0.463915 -0.113453
-0.355873 -0.470795 -0.114922
-0.361109 -0.477583 -0.116474
-0.366694 -0.484205 -0.117512
-0.372279 -0.490731 -0.118452
-0.37734 -0.497379 -0.120039
-0.382576 -0.506193 -0.123617
-0.390954 -0.512522 -0.121568
-0.396539 -0.518688 -0.122149
-0.402647 -0.524854 -0.122206
-0.408582 -0.530832 -0.122251
-0.414341 -0.536695 -0.122354
-0.420275 -0.545677 -0.125402
-0.425686 -0.551313 -0.125627
-0.430747 -0.596999 -0.166252
-0.439474 -0.602342 -0.162868
-0.445408 -0.607559 -0.162151
-0.451342 -0.61262 -0.161278
-0.457625 -0.61747 -0.159845
-0.463559 -0.622161 -0.158601
-0.469843 -0.629108 -0.159265
-0.476824 -0.633692 -0.156868
-0.484154 -0.635316 -0.151162
-0.496023 -0.639513 -0.143491
-0.504226 -0.643429 -0.139204
-0.51208 -0.649571 -0.137492
-0.519759 -0.653233 -0.133474
-0.527962 -0.656685 -0.128723
-0.535991 -0.660034 -0.124044
-0.543496 -0.663204 -0.119708
-0.553968 -0.658937 -0.10497
-0.560425 -0.663169 -0.102744
-0.566883 -0.668558 -0.101675
-0.573341 -0.672516 -0.0991752
-0.579624 -0.676356 -0.0967323
-0.585209 -0.680102 -0.0948929
-0.590619 -0.683663 -0.0930437
-0.595506 -0.688477 -0.0929703
-0.602488 -0.691958 -0.0894701
-0.607026 -0.695189 -0.0881635
-0.611389 -0.698338 -0.0869493
-0.615927 -0.701391 -0.085464
-0.620115 -0.704342 -0.0842268
-0.623606 -0.708841 -0.0852349
-0.627097 -0.711672 -0.0845756
-0.630762 -0.714395 -0.0836326
-0.636173 -0.732073 -0.0959008
-0.64071 -0.734535 -0.0938243
-0.645423 -0.73688 -0.0914568
-0.649961 -0.739143 -0.0891823
-0.654324 -0.741218 -0.0868944
-0.658862 -0.744474 -0.0856119
-0.663051 -0.746468 -0.0834175
-0.670032 -0.748376 -0.0783444
-0.675093 -0.750084 -0.0749908
-0.679806 -0.751704 -0.071898
-0.684693 -0.754445 -0.0697528
-0.689231 -0.755817 -0.0665866
-0.693768 -0.757103 -0.0633342
-0.698306 -0.758326 -0.0600201
-0.703019 -0.759432 -0.0564136
-0.708778 -0.760435 -0.0516571
-0.712094 -0.762811 -0.0507168
-0.71541 -0.777868 -0.0624575
-0.718901 -0.779682 -0.0607807
-0.722392 -0.780226 -0.0578347
-0.725882 -0.780685 -0.0548021
-0.7285 -0.781058 -0.0525572
-0.730595 -0.781369 -0.0507743
-0.733911 -0.782839 -0.0489284
-0.736354 -0.783057 -0.0467029
-0.739147 -0.78322 -0.0440731
-0.742289 -0.783319 -0.0410302
-0.74543 -0.783344 -0.0379141
-0.748397 -0.784518 -0.0361208
-0.751015 -0.784432 -0.0334167
-0.753284 -0.784284 -0.0309997
-0.756077 -0.784085 -0.0280088
-0.757996 -0.78382 -0.0258239
-0.759742 -0.800105 -0.0403633
-0.761662 -0.799593 -0.0379313
-0.763756 -0.799036 -0.0352802
-0.76585 -0.799583 -0.0337329
-0.767945 -0.798949 -0.0310041
-0.771086 -0.798273 -0.0271864
-0.773355 -0.797524 -0.0241685
-0.775799 -0.796713 -0.0209145
-0.778591 -0.797012 -0.0184203
-0.781035 -0.796139 -0.0151046
-0.783129 -0.795181 -0.0120514
-0.785049 -0.794173 -0.00912376
-0.78662 -0.793109 -0.00648879
-0.788365 -0.792007 -0.00364213
-0.789238 -0.792085 -0.00284667
-0.789936 -0.790961 -0.00102494
-0.790809 -0.779966 0.0108431
-0.791681 -0.779757 0.011924
-0.791856 -0.779529 0.0123271
-0.79203 -0.779294 0.0127368
-0.79203 -0.778873 0.0131574
-0.792379 -0.778629 0.0137501
-0.792729 -0.778374 0.014355
-0.793427 -0.778114 0.0153132
-0.79395 -0.777842 0.0161087
-0.794125 -0.777554 0.0165704
-0.794474 -0.777057 0.0174165
-0.794823 -0.776755 0.018068
-0.794997 -0.776439 0.0185582
-0.794823 -0.776126 0.0186965
-0.794823 -0.775821 0.0190019
-0.794997 -0.775187 0.0198101
-0.794997 -0.774862 0.0201356
-0.795172 -0.776388 0.0187842
-0.795172 -0.775887 0.0192848
-0.795172 -0.775387 0.0197854
-0.795521 -0.774894 0.020627
-0.795696 -0.774402 0.0212938
-0.796045 -0.773632 0.022413
-0.796568 -0.773113 0.0234553
-0.797092 -0.772588 0.0245038
-0.797092 -0.772042 0.0250497
-0.796917 -0.771505 0.0254121
-0.796394 -0.770966 0.0254274
-0.794997 -0.770138 0.0248592
-0.794125 -0.769632 0.024493
-0.793078 -0.769146 0.0239318
-0.792205 -0.768682 0.0235232
-0.791332 -0.768246 0.0230868
-0.790285 -0.771014 0.0192712
-0.789238 -0.770375 0.0188627
-0.788365 -0.769403 0.0189623
-0.787318 -0.768787 0.0185308
-0.786445 -0.768196 0.018249
-0.785922 -0.767635 0.0182864
-0.785747 -0.767099 0.0186487
-0.785398 -0.76656 0.0188384
-0.785049 -0.76566 0.0193887
-0.785049 -0.765121 0.0199283
-0.785049 -0.764561 0.0204886
-0.784875 -0.764006 0.0208684
-0.784875 -0.763482 0.0213923
-0.7847 -0.762579 0.0221207
-0.784525 -0.762042 0.0224834
-0.784351 -0.7615 0.0228509
-0.784176 -0.766088 0.0180886
-0.784002 -0.765207 0.0187948
-0.783304 -0.764349 0.0189544
-0.78278 -0.763531 0.019249
-0.782257 -0.762692 0.0195643
-0.781908 -0.761388 0.0205199
-0.781384 -0.760554 0.0208299
-0.781035 -0.759719 0.0213156
-0.78086 -0.758906 0.0219543
-0.780686 -0.75811 0.0225757
-0.779464 -0.756829 0.0226349
-0.778417 -0.756021 0.0223963
-0.777893 -0.755245 0.0226478
-0.77737 -0.754499 0.0228704
-0.776846 -0.753769 0.0230768
-0.776148 -0.752575 0.0235728
-0.775799 -0.751862 0.0239366
-0.774403 -0.75833 0.0160727
-0.773181 -0.757181 0.0159996
-0.771959 -0.756061 0.0158982
-0.770563 -0.754957 0.0156059
-0.769516 -0.753897 0.0156184
-0.768294 -0.752839 0.0154548
-0.767072 -0.751243 0.0158292
-0.7662 -0.75023 0.0159699
-0.765501 -0.749242 0.0162592
-0.764803 -0.748282 0.0165215
-0.764454 -0.747343 0.0171114
-0.76428 -0.74585 0.0184294
-0.763931 -0.74491 0.0190201
-0.763407 -0.743974 0.0194334
-0.763407 -0.743059 0.020348
-0.763058 -0.742134 0.0209236
-0.76236 -0.750467 0.0118929
-0.762011 -0.748919 0.0130914
-0.761313 -0.747362 0.0139502
-0.76044 -0.74583 0.01461
-0.759567 -0.744334 0.0152331
-0.758346 -0.742817 0.0155284
-0.757124 -0.741321 0.0158032
-0.756251 -0.739845 0.0164062
-0.756077 -0.737729 0.018348
-0.755902 -0.736262 0.0196403
-0.756077 -0.734846 0.0212308
-0.756077 -0.733441 0.0226353
-0.755902 -0.732029 0.0238732
-0.755379 -0.729919 0.02546
-0.754855 -0.728475 0.0263797
-0.753982 -0.727028 0.0269538
-0.753459 -0.736959 0.0165001
-0.753284 -0.734651 0.018633
-0.752935 -0.732321 0.0206137
-0.752935 -0.730012 0.0229235
-0.752935 -0.727701 0.0252341
-0.752586 -0.725402 0.0271838
-0.752237 -0.723123 0.0291136
-0.752411 -0.720827 0.0315848
-0.752237 -0.718538 0.0336992
-0.751713 -0.716252 0.0354611
-0.75119 -0.71321 0.0379793
-0.750492 -0.710955 0.0395364
-0.749444 -0.708666 0.0407789
-0.748572 -0.706363 0.0422089
-0.747525 -0.703336 0.0441882
-0.746477 -0.701121 0.0453565
-0.745605 -0.709613 0.0359919
-0.744557 -0.706072 0.0384858
-0.743161 -0.702532 0.040629
-0.741416 -0.699041 0.0423749
-0.739845 -0.695587 0.0442583
-0.738274 -0.692147 0.0461271
-0.736005 -0.688704 0.0473015
-0.734958 -0.685366 0.0495922
-0.733736 -0.682086 0.0516501
-0.73234 -0.67885 0.0534898
-0.730769 -0.67568 0.0550895
-0.729024 -0.671622 0.0574018
-0.72693 -0.668362 0.0585672
-0.72501 -0.66515 0.05986
-0.721868 -0.662049 0.0598193
-0.720123 -0.659052 0.061071
-0.718552 -0.6552 0.0633518
-0.717156 -0.650847 0.066309
-0.715934 -0.645686 0.0702481
-0.714363 -0.640628 0.0737351
-0.712618 -0.635653 0.0769651
-0.710524 -0.630736 0.0797873
-0.707207 -0.625749 0.0814587
-0.704589 -0.620883 0.0837068
-0.701622 -0.616042 0.0855808
-0.698481 -0.611261 0.08722
-0.695514 -0.606649 0.0888649
-0.692547 -0.602071 0.0904755
-0.689231 -0.597529 0.0917017
-0.683645 -0.5921 0.0915458
-0.67998 -0.587728 0.0922524
-0.676315 -0.583434 0.0928811
-0.672301 -0.579242 0.0930589
-0.668461 -0.508908 0.159553
-0.664447 -0.50777 0.156676
-0.660084 -0.50671 0.153374
-0.655546 -0.505736 0.14981
-0.649437 -0.504869 0.144568
-0.645772 -0.504148 0.141623
-0.641409 -0.503506 0.137903
-0.636696 -0.502667 0.134029
-0.631111 -0.502229 0.128882
-0.624653 -0.501909 0.122744
-0.61837 -0.501732 0.116638
-0.612436 -0.501415 0.111021
-0.604058 -0.501505 0.102554
-0.59795 -0.50178 0.0961695
-0.592016 -0.502199 0.0898172
-0.586605 -0.502466 0.0841396
-0.415214 2.7569 -3.11107
-0.415214 2.7569 -3.11107
-0.415214 2.7569 -3.11107
-0.415214 2.7569 -3.11107
-0.415388 2.7569 -3.1109
-0.415388 2.7569 -3.1109
-0.415388 2.7569 -3.1109
-0.415388 2.75693 -3.11087
-0.415214 2.75706 -3.11091
-0.416086 2.75732 -3.10978
-0.423417 2.75755 -3.10222
-0.442092 2.75768 -3.08342
-0.487296 2.75778 -3.0381
-0.527264 2.75782 -2.99811
-0.575435 2.75782 -2.94993
-0.632856 2.75783 -2.8925
-0.699353 2.75788 -2.82595
-0.773879 2.75786 -2.75144
-0.853641 2.75772 -2.67183
-1.06744 2.75708 -2.45867
-1.15698 2.75657 -2.36964
-1.24843 2.75592 -2.27883
-1.34181 2.75494 -2.18644
-1.43606 2.75368 -2.09345
-1.53048 2.75123 -2.00148
-1.6249 2.74766 -1.91062
-1.76662 2.74266 -1.7739
-1.86104 2.73639 -1.68575
-1.95547 2.72968 -1.59804
-2.04989 2.72183 -1.51147
-2.14414 2.71325 -1.42579
-2.23734 2.70465 -1.34119
-2.32862 2.69497 -1.25959
-2.41693 2.68469 -1.18157
-2.54155 2.67354 -1.0681
-2.69252 2.65232 -0.938341
-2.76111 2.64167 -0.8804
-2.82464 2.63132 -0.827223
-2.88416 2.62091 -0.778121
-2.93966 2.6105 -0.733027
-2.99115 2.60085 -0.691193
-3.06235 2.59102 -0.629808
-3.10564 2.5823 -0.59525
3.10005 2.6542 -0.445858
3.06462 2.64531 -0.419312
3.03076 2.63634 -0.394423
2.99865 2.6271 -0.371545
2.95362 2.61806 -0.335566
2.92552 2.60966 -0.315858
2.89934 2.6014 -0.297939
2.87648 2.59207 -0.284404
2.85588 2.58453 -0.271349
2.83633 2.57708 -0.259259
2.81818 2.5696 -0.248582
2.80125 2.56231 -0.23894
2.77891 2.55549 -0.223423
2.76513 2.54925 -0.215871
2.75134 2.54177 -0.209566
2.7372 2.53586 -0.201339
2.72324 2.72923 0.00599407
2.7098 2.7239 0.0141012
2.69653 2.71894 0.0224078
2.68397 2.71364 0.0296769
2.66582 2.70698 0.0411634
2.65377 2.70232 0.0485467
2.644 2.69777 0.0537708
2.63876 2.6933 0.0545353
2.63754 2.68913 0.0515892
2.63719 2.48575 -0.151447
2.63702 2.48034 -0.15668
2.63789 2.47486 -0.163033
2.63841 2.46984 -0.168578
2.63876 2.46511 -0.173657
2.63859 2.45992 -0.178666
2.63615 2.45453 -0.181617
2.62986 2.44931 -0.180548
2.61084 2.61533 0.00449577
2.59618 2.61044 0.0142618
2.58658 2.60834 0.0217633
2.57628 2.60619 0.0299091
2.56528 2.6043 0.0390141
2.55429 2.6028 0.048507
2.54434 2.60145 0.0571114
2.53753 2.5974 0.059869
2.5309 2.59526 0.0643611
2.53038 2.59428 0.0639022
2.5309 2.59331 0.0624062
2.5323 2.59236 0.0600583
2.53404 2.5873 0.0532538
2.53561 2.58617 0.0505581
2.53631 2.58502 0.048711
2.53684 2.58385 0.0470095
2.53614 2.21665 -0.319484
2.53596 2.21356 -0.322402
2.53561 2.21017 -0.325439
2.53527 2.20754 -0.327725
2.53474 2.20491 -0.329827
2.53369 2.20209 -0.331608
2.46615 2.19468 -0.271473
2.45097 2.19276 -0.258209
2.42461 2.19107 -0.233538
2.40576 2.18987 -0.21589
2.38761 2.18903 -0.198585
2.35323 2.501 0.147769
2.33682 2.5015 0.164683
2.32111 2.50233 0.181219
2.29982 2.50355 0.203734
2.2869 2.50518 0.218277
2.27591 2.50695 0.23104
2.27015 2.50729 0.237141
2.2719 2.50936 0.23746
2.27853 2.51133 0.232805
2.28568 2.51319 0.227503
2.29249 2.51494 0.222453
2.30331 2.51656 0.213249
2.31186 2.51598 0.204116
2.32042 2.51719 0.196774
2.32827 2.51826 0.189992
2.33595 2.51919 0.183237
2.35166 2.50441 0.152752
2.35934 2.50493 0.145595
2.36998 2.50531 0.135324
2.37661 2.50548 0.128867
2.38272 2.50553 0.122804
2.38883 2.50402 0.115191
2.39459 2.50381 0.109217
2.39965 2.50348 0.103824
2.40402 2.51113 0.107113
2.4096 2.5096 0.0999993
2.41327 2.50802 0.0947573
2.41676 2.50632 0.0895659
2.41955 2.50454 0.0849922
2.42234 2.50285 0.0805044
2.42513 2.50102 0.0758803
2.42828 2.49907 0.0707916
2.43334 2.49502 0.0616856
2.43473 2.4929 0.0581635
2.43578 2.4908 0.0550146
2.43631 2.48861 0.0523022
2.43631 2.48649 0.0501834
2.43665 2.48433 0.0476729
2.43718 2.48209 0.044911
2.43735 2.47982 0.0424721
2.43788 2.43858 0.000704332
2.43822 2.43848 0.000251419
2.43805 2.43837 0.000316872
2.4377 2.43792 0.000217014
2.43735 2.43781 0.000459448
2.437 2.43771 0.000706047
2.43578 2.43761 0.00183334
2.43299 2.43755 0.00455861
2.43124 2.43754 0.00629492
2.42932 2.43712 0.00779624
2.4274 2.43718 0.00977583
2.42566 2.43728 0.0116237
2.42409 2.43742 0.0133317
2.42287 2.43758 0.0147189
2.42199 2.43682 0.0148281
2.42025 2.43702 0.0167684
2.4192 2.43725 0.0180491
2.41711 2.31196 -0.105144
2.41658 2.31271 -0.103872
2.41571 2.31288 -0.102829
2.41466 2.31307 -0.101591
2.41344 2.31328 -0.100157
2.41152 2.31352 -0.0979975
2.4096 2.3138 -0.0958014
2.40559 2.45115 0.0455584
2.39965 2.45153 0.0518781
2.39285 2.45203 0.0591846
2.38621 2.4518 0.0655893
2.37976 2.45262 0.0728609
2.37365 2.45353 0.0798786
2.36422 2.45452 0.0903005
2.35881 2.45573 0.0969184
2.35567 2.4563 0.100627
2.35619 2.44078 0.0845888
2.35742 2.44286 0.0854408
2.35881 2.44491 0.0860931
2.36318 2.44626 0.0830859
2.36736 2.44815 0.0807902
2.37155 2.45 0.0784431
2.37504 2.45175 0.0767071
2.37941 2.41727 0.0378662
2.38115 2.41814 0.0369841
2.3829 2.41897 0.0360701
2.38499 2.41979 0.0347939
2.38639 2.42054 0.034152
2.38778 2.42122 0.0334369
2.38936 2.42123 0.0318741
2.39005 2.42185 0.0317925
2.38936 2.38816 -0.00119133
2.38883 2.38939 0.000553907
2.38813 2.39063 0.00249239
2.38674 2.39188 0.0051442
2.38604 2.39312 0.00708245
2.38587 2.39438 0.00851946
2.38482 2.39569 0.0108716
2.3829 2.39665 0.0137552
2.38115 2.39798 0.0168301
2.37382 1.87608 -0.497747
2.37243 1.86466 -0.507767
2.3712 1.85325 -0.517953
2.37016 1.84162 -0.528538
2.36928 1.83301 -0.536278
2.36824 1.82323 -0.545007
2.36126 1.81209 -0.549165
2.28516 1.81691 -0.468253
2.26404 1.8066 -0.45744
2.23926 1.79651 -0.442751
2.21186 1.78662 -0.425235
2.17136 1.77707 -0.394292
2.14501 1.76658 -0.378427
2.04919 1.73496 -0.314236
2.02825 1.72785 -0.300397
1.99927 1.72102 -0.278257
1.98077 1.71214 -0.268636
1.96245 1.70592 -0.256532
1.94395 1.70019 -0.243758
1.92615 1.6948 -0.23134
1.87728 1.68099 -0.196285
1.85371 1.67539 -0.178327
1.83958 1.67049 -0.169091
1.82649 1.66558 -0.160911
1.8141 1.66089 -0.153205
1.80188 1.6565 -0.145374
1.79018 1.6523 -0.137881
1.74673 1.63771 -0.109014
1.73887 1.63456 -0.104316
1.73189 1.63158 -0.10031
1.72473 1.6288 -0.0959358
1.7174 1.62633 -0.0910769
1.70972 1.62375 -0.0859776
1.69803 1.62128 -0.0767475
1.67988 1.62328 -0.0565976
1.67377 1.62172 -0.0520557
1.66784 1.6202 -0.0476345
1.66225 1.61883 -0.0434263
1.65684 1.61759 -0.0392505
1.64934 1.61645 -0.0328867
1.64532 1.61544 -0.0298807
1.63188 1.61232 -0.0195648
1.62926 1.61171 -0.0175561
1.62665 1.61114 -0.0155041
1.62281 1.61064 -0.0121696
1.62001 1.61022 -0.00979295
1.61722 1.60986 -0.00735766
1.60745 1.60923 0.00177825
1.60378 1.60902 0.0052341
1.60186 1.60901 0.00714487
1.60012 1.60904 0.00892324
1.59837 1.60911 0.0107392
1.5968 1.60922 0.0124186
1.59017 1.61012 0.0199472
1.58895 1.6104 0.0214516
1.5879 1.61056 0.0226636
1.58668 1.61089 0.0242119
1.58511 1.61124 0.0261313
1.5804 1.62052 0.0401203
1.58005 1.62071 0.0406609
1.57935 1.6209 0.041556
1.57848 1.62064 0.0421642
1.57795 1.62086 0.0429089
1.57743 1.62109 0.0436651
1.5776 1.61735 0.0397484
1.57778 1.6178 0.0400221
1.57848 1.61826 0.0397792
1.579 1.6187 0.0397009
1.57917 1.61913 0.039955
1.57935 1.61898 0.0396327
1.57935 1.61939 0.0400461
1.57952 1.62333 0.0438035
1.57952 1.62321 0.0436864
1.5797 1.62309 0.043394
1.57935 1.62297 0.0436179
1.57882 1.62285 0.0440261
1.57848 1.62275 0.0442699
1.57813 1.62173 0.0436002
1.57865 1.62162 0.0429709
1.579 1.6215 0.0425039
1.57917 1.62138 0.0422052
1.57935 1.62053 0.0411789
1.57935 1.62038 0.041033
1.57917 1.62024 0.0410624
1.5797 1.62442 0.0447255
1.57987 1.62379 0.043917
1.58022 1.62315 0.0429337
1.5804 1.6215 0.0411016
1.5804 1.62084 0.0404413
1.58092 1.62018 0.0392573
1.58127 1.61949 0.0382247
1.58232 1.61639 0.0340707
1.58214 1.61565 0.0335082
1.58197 1.61492 0.0329537
1.58179 1.61419 0.0323987
1.58162 1.61349 0.0318685
1.58127 1.61277 0.031504
1.58144 1.61087 0.0294294
1.58144 1.61052 0.0290735
1.58127 1.60911 0.0278449
1.58109 1.60769 0.0265949
1.58092 1.60628 0.0253566
1.5804 1.60349 0.0230953
1.57935 1.60205 0.0226976
1.57795 1.59777 0.0198166
1.57795 1.59481 0.0168622
1.57813 1.59338 0.0152519
1.57795 1.59196 0.0140112
1.57778 1.59055 0.0127739
1.57778 1.58911 0.0113329
1.57778 1.58769 0.00991611
1.57638 1.59683 0.0204496
1.57586 1.59332 0.017464
1.57551 1.58978 0.0142706
1.57516 1.58626 0.0111002
1.57446 1.58284 0.00838212
1.57394 1.57936 0.00542044
1.57341 1.57584 0.0024262
1.57045 1.5598 -0.0106462
1.56888 1.55635 -0.0125253
1.56783 1.55287 -0.0149566
1.56661 1.54943 -0.0171742
1.56521 1.54385 -0.0213614
1.56434 1.54051 -0.0238283
1.55561 1.54438 -0.0112279
1.55369 1.53985 -0.0138433
1.55195 1.53537 -0.0165756
1.55038 1.5309 -0.0194801
1.54846 1.5237 -0.0247601
1.54619 1.51912 -0.0270697
1.54025 1.49066 -0.0495958
1.53868 1.48622 -0.0524604
1.53694 1.48189 -0.0550468
1.53502 1.47749 -0.0575284
1.53292 1.4732 -0.0597248
1.53083 1.46593 -0.0648961
1.5146 1.4518 -0.0627925
1.51006 1.44622 -0.0638354
1.50552 1.44082 -0.0647019
1.50116 1.43553 -0.0656308
1.49697 1.42721 -0.0697623
1.49016 1.42191 -0.0682493
1.4748 1.39791 -0.0768908
1.47201 1.39288 -0.0791332
1.46922 1.38792 -0.0812953
1.46573 1.38296 -0.0827634
1.46311 1.37807 -0.0850359
1.46032 1.36797 -0.0923489
1.44635 1.36597 -0.0803812
1.43972 1.35811 -0.0816118
1.43361 1.35011 -0.0835068
1.42541 1.34209 -0.0833187
1.42087 1.33459 -0.0862805
1.41721 1.32723 -0.0899764
1.41354 1.31676 -0.0967864
1.39504 1.28745 -0.107592
1.38858 1.2769 -0.111682
1.38352 1.26975 -0.113772
1.37794 1.26271 -0.115223
1.372 1.25564 -0.116359
1.36677 1.24891 -0.117856
1.34879 1.38291 0.0341187
1.34286 1.37328 0.0304244
1.3364 1.36721 0.0308073
1.32959 1.36095 0.0313548
1.32279 1.355 0.0322143
1.31615 1.34923 0.0330724
1.31057 1.33985 0.0292815
1.30935 1.31656 0.00721505
1.30987 1.31075 0.0008793
1.31057 1.30098 -0.00959129
1.31109 1.29482 -0.0162739
1.31127 1.28859 -0.022674
1.31074 1.28244 -0.028298
1.30725 1.03 -0.277254
1.30568 1.0206 -0.285084
1.30428 1.0112 -0.293083
1.30324 0.998873 -0.304364
1.30202 0.991001 -0.311014
1.29922 0.982337 -0.316886
1.29451 0.973283 -0.321227
1.25594 0.948156 -0.307783
1.2425 0.936841 -0.305659
1.22906 0.929345 -0.299716
1.21405 0.921958 -0.292093
1.18892 0.914855 -0.274063
1.17216 0.908156 -0.264007
1.15646 0.901864 -0.254592
1.10951 0.914266 -0.19524
1.09467 0.908049 -0.186622
1.08088 0.902043 -0.178839
1.06168 0.896203 -0.16548
1.04929 0.890752 -0.15854
1.03707 0.882905 -0.15417
1.02521 0.877868 -0.147338
0.98262 0.859996 -0.122625
0.974766 0.853073 -0.121693
0.967261 0.849227 -0.118034
0.959582 0.84552 -0.114062
0.952252 0.841978 -0.110274
0.944921 0.838652 -0.106269
0.937591 0.831234 -0.106357
0.90984 0.786738 -0.123102
0.903731 0.779112 -0.12462
0.897623 0.771482 -0.12614
0.890991 0.763854 -0.127137
0.884358 0.756371 -0.127987
0.857829 0.727831 -0.129999
0.851372 0.720932 -0.13044
0.844565 0.714223 -0.130342
0.837758 0.707633 -0.130125
0.8313 0.698144 -0.133156
0.820479 0.691691 -0.128788
0.813149 0.685335 -0.127814
0.792729 0.784291 -0.00843793
0.786445 0.77704 -0.00940524
0.779639 0.769681 -0.00995751
0.772832 0.761888 -0.0109442
0.763058 0.754217 -0.00884106
0.756949 0.743459 -0.0134904
0.752586 0.736144 -0.016442
0.748746 0.714301 -0.0344457
0.747699 0.703031 -0.0446679
0.746826 0.695545 -0.0512816
0.745954 0.688164 -0.05779
0.744557 0.680848 -0.0637091
0.742463 0.6734 -0.0690628
0.733562 0.623972 -0.10959
-2.28202 0.895372 -3.1058
-2.28184 0.895372 -3.10597
-2.30698 0.895739 -3.08047
-2.59251 0.895869 -2.7948
-2.70805 0.896014 -2.67912
-2.79096 0.896057 -2.59617
2.80195 0.888151 -1.9138
2.70735 0.886784 -1.82057
2.61293 0.885479 -1.72745
2.51851 0.878504 -1.64001
2.42409 0.866116 -1.55797
1.75737 0.805739 -0.951633
1.68058 0.797901 -0.882677
1.60623 0.79059 -0.815636
1.5324 0.781758 -0.750642
1.11492 0.732601 -0.382315
1.07233 0.727879 -0.344451
1.01264 0.722947 -0.289693
0.976512 0.718758 -0.257754
0.941431 0.714991 -0.22644
0.774228 0.705242 -0.0689859
0.763931 0.705354 -0.0585763
0.753808 0.705657 -0.0481507
0.743161 0.706134 -0.037027
0.731642 0.706253 -0.025389
0.66881 0.923764 0.254954
0.665669 0.925326 0.259657
0.662876 0.926898 0.264022
0.659211 0.928366 0.269155
0.688707 0.937933 0.249226
0.704066 0.93719 0.233124
0.715061 0.937908 0.222846
0.726057 0.93845 0.212393
0.73618 0.938792 0.202612
0.789063 0.744586 -0.0444771
0.795172 0.743198 -0.0519737
0.801281 0.741696 -0.0595842
0.807389 0.740081 -0.0673084
0.813672 0.73815 -0.0755222
0.813498 0.721605 -0.0918933
0.807738 0.718488 -0.08925
0.802153 0.716678 -0.0854753
0.793601 0.715023 -0.078578
0.787667 0.713556 -0.0741115
0.748397 1.10516 0.356761
0.738798 1.1052 0.366403
0.732515 1.10541 0.372898
0.726232 1.10266 0.376433
0.720123 1.10301 0.382892
0.774228 1.10119 0.326964
0.789238 1.10071 0.311475
0.805819 1.09998 0.294163
0.912109 0.899131 -0.0129779
0.923279 0.894717 -0.0285623
0.933926 0.888516 -0.0454094
0.949634 0.882922 -0.0667116
0.960804 0.877001 -0.0838031
0.969181 0.838757 -0.130424
0.964294 0.83257 -0.131724
0.958709 0.826539 -0.13217
0.952601 0.820861 -0.13174
0.946143 0.812584 -0.133559
0.886802 0.895258 0.00845648
0.878075 0.889786 0.0117105
0.869174 0.884479 0.0153052
0.860796 0.875433 0.014637
0.852768 0.869961 0.0171928
0.819956 0.731264 -0.0886918
0.819083 0.727204 -0.0918787
0.818908 0.72079 -0.0981183
0.818559 0.716818 -0.101742
0.817687 0.712997 -0.104689
0.776148 0.674326 -0.101821
0.768818 0.670007 -0.0988109
0.761313 0.665799 -0.0955133
0.754331 0.661813 -0.0925186
0.699353 0.62977 -0.0695832
0.690452 0.626779 -0.0636731
0.684169 0.623968 -0.0602006
0.67806 0.621285 -0.0567752
0.638616 0.568363 -0.0702531
0.634776 0.564126 -0.0706501
0.631286 0.559936 -0.0713496
0.62762 0.55384 -0.0737804
0.586082 0.526552 -0.0595294
0.581369 0.523308 -0.0580616
0.576657 0.520138 -0.0565188
0.569326 0.512885 -0.0564416
0.538783 0.481971 -0.0568118
0.533198 0.476785 -0.0564126
0.529184 0.472963 -0.0562205
0.524821 0.469218 -0.0556021
0.49707 0.448404 -0.0486654
0.493056 0.445135 -0.0479206
0.489041 0.441947 -0.0470942
0.484503 0.438897 -0.0456064
0.479791 0.434088 -0.0457033
0.449946 0.5855 0.135554
0.44663 0.584851 0.138221
0.443139 0.584258 0.141119
0.439648 0.583738 0.14409
0.452738 0.379533 -0.0732053
0.457625 0.376551 -0.0810739
0.465654 0.373412 -0.0922414
0.47089 0.369945 -0.100944
0.475951 0.365604 -0.110347
0.464432 0.564582 0.10015
0.454658 0.562834 0.108175
0.449248 0.561277 0.112029
0.443663 0.556839 0.113176
0.437554 0.555496 0.117942
0.430747 0.554276 0.123529
0.428304 0.486578 0.0582737
0.431969 0.486488 0.054519
0.436158 0.486323 0.0501648
0.44087 0.486062 0.0451918
0.445583 0.481933 0.0363503
0.457451 0.483077 0.0256258
0.457625 0.477178 0.0195529
0.4578 0.473351 0.0155512
0.4578 0.469446 0.0116459
0.458149 0.46558 0.00743121
0.458498 0.461655 0.0031575
0.453437 0.439346 -0.0140906
0.452389 0.431037 -0.0213522
0.451168 0.427003 -0.0241644
0.449946 0.423013 -0.0269328
0.449073 0.419159 -0.0299142
0.446979 0.792634 0.345655
0.445408 0.799089 0.353681
0.442266 0.805686 0.36342
0.439648 0.81146 0.371812
0.436681 0.81689 0.380208
0.434412 0.822756 0.388344
0.436507 0.829013 0.392507
0.446106 0.835224 0.389118
0.50056 0.851149 0.350588
0.516617 0.855878 0.339261
0.533896 0.860286 0.32639
0.551699 0.864491 0.312793
0.568977 0.86825 0.299273
0.585209 0.871681 0.286472
0.601091 0.874762 0.27367
0.652753 0.665541 0.0127878
0.665669 0.667489 0.00182092
0.677362 0.66917 -0.00819262
0.688183 0.67083 -0.0173536
0.698481 0.67236 -0.0261203
0.708604 0.673469 -0.0351342
0.719425 0.674382 -0.0450424
0.720646 0.675065 -0.0455813
0.713665 0.677252 -0.036413
0.712094 0.678071 -0.0340235
0.71 0.678901 -0.0310994
0.707382 0.679755 -0.0276265
0.702495 0.680699 -0.0217962
0.699179 0.681744 -0.0174351
0.696386 0.683029 -0.0133573
0.690976 0.683933 -0.00704285
0.689231 0.685352 -0.00387897
0.687485 0.686842 -0.000642809
0.684518 0.688381 0.00386294
0.682773 0.689959 0.00718627
0.681202 0.691576 0.0103738
0.679806 0.693555 0.0137491
0.678409 0.695216 0.0168062
0.674919 0.700528 0.0256095
0.67457 0.702327 0.0277576
0.674221 0.704494 0.0302729
0.673523 0.706327 0.0328043
0.672999 0.708176 0.0351769
0.672475 0.710026 0.0375508
0.671952 0.711834 0.0398827
0.672475 0.723356 0.0508809
0.672824 0.725155 0.0523303
0.673173 0.726946 0.0537722
0.673697 0.728719 0.0550218
0.674221 0.730419 0.0561985
0.674744 0.732149 0.0574051
0.675268 0.733878 0.0586105
0.677537 0.737673 0.0601365
0.678933 0.739369 0.0604364
0.680504 0.741006 0.0605022
0.682249 0.742571 0.0603217
0.684344 0.744145 0.0598014
0.686438 0.746052 0.0596139
0.688358 0.747543 0.0591849
0.69115 0.749009 0.0578583
0.69307 0.750389 0.0573183
0.695863 0.742122 0.0462594
0.697434 0.74449 0.0470566
0.699004 0.746838 0.047834
0.700575 0.749113 0.0485375
0.70232 0.751394 0.0490731
0.705113 0.753663 0.0485501
0.706858 0.755833 0.048975
0.708429 0.757979 0.0495495
0.71 0.76009 0.05009
0.716981 -0.536265 -1.25325
0.718727 -0.555159 -1.27389
0.720123 -0.573508 -1.29363
0.721519 -0.590204 -1.31172
0.72309 -0.601866 -1.32496
0.628842 -0.631829 -1.26067
0.59219 -0.640172 -1.23236
0.550302 -0.650427 -1.20073
0.501957 -0.66401 -1.16597
0.419054 -0.677959 -1.09701
0.360236 -0.690177 -1.05041
0.0698132 -0.667069 -0.736882
-0.0148353 -0.675876 -0.661041
-0.068766 -0.683819 -0.615053
-0.120602 -0.692783 -0.572181
-0.171217 -0.700913 -0.529696
-0.222006 -0.707337 -0.485331
-0.465479 -0.70267 -0.23719
-0.491485 -0.706655 -0.215171
-0.516617 -0.710118 -0.1935
-0.542448 -0.713581 -0.171132
-0.569501 -0.716666 -0.147165
-0.690627 -0.684989 0.00563795
-0.702146 -0.684951 0.0171945
-0.713316 -0.684675 0.0286412
-0.730246 -0.68412 0.046126
-0.741241 -0.683483 0.0577581
-0.777195 -0.673314 0.103881
-0.777719 -0.672358 0.105361
-0.779115 -0.670746 0.108369
-0.781558 -0.669063 0.112495
-0.785049 -0.667331 0.117718
-0.790983 -0.658646 0.132337
-0.79046 -0.656714 0.133745
-0.789936 -0.654781 0.135155
-0.789587 -0.652954 0.136633
-0.789238 -0.651996 0.137242
-0.789063 -0.650188 0.138875
-0.785747 -0.638313 0.147434
-0.784176 -0.637293 0.146884
-0.782431 -0.637772 0.144659
-0.781035 -0.636816 0.144219
-0.779115 -0.635882 0.143233
-0.777893 -0.63501 0.142884
-0.770039 -0.632547 0.137492
-0.768818 -0.631871 0.136946
-0.767247 -0.631229 0.136018
-0.765676 -0.630617 0.135059
-0.763756 -0.63162 0.132136
-0.762011 -0.631099 0.130911
-0.755029 -0.468603 0.286427
-0.754157 -0.469122 0.285035
-0.752935 -0.467143 0.285792
-0.75119 -0.465251 0.285939
-0.74927 -0.463477 0.285793
-0.747874 -0.461681 0.286192
-0.714712 -0.294464 0.420249
-0.707033 -0.291833 0.4152
-0.698306 -0.289309 0.408998
-0.689405 -0.29057 0.398835
-0.676664 -0.288487 0.388177
-0.668287 -0.286642 0.381645
-0.586605 -0.517853 0.0687522
-0.565487 -0.522025 0.0434617
-0.55135 -0.524044 0.027305
-0.537561 -0.526618 0.0109432
-0.523599 -0.529703 -0.00610394
-0.493754 -0.543937 -0.0501838
-0.496721 -0.547817 -0.0510965
-0.500037 -0.551637 -0.0516002
-0.503702 -0.558231 -0.0545289
-0.507716 -0.561838 -0.0541222
-0.511556 -0.56526 -0.0537038
-0.515919 -0.568709 -0.0527901
-0.545241 -0.589464 -0.044223
-0.551175 -0.593874 -0.0426993
-0.556935 -0.598194 -0.0412595
-0.563043 -0.602301 -0.0392578
-0.571944 -0.607999 -0.0360543
-0.577704 -0.611913 -0.0342089
-0.583464 -0.615667 -0.032203
-0.610865 -0.635118 -0.0242526
-0.615578 -0.638266 -0.0226888
-0.62029 -0.641391 -0.0211014
-0.624828 -0.644453 -0.0196248
-0.629191 -0.649957 -0.0207659
-0.633555 -0.652768 -0.0192132
-0.662702 -0.88913 -0.226429
-0.667065 -0.892444 -0.22538
-0.671603 -0.895683 -0.22408
-0.676141 -0.898583 -0.222442
-0.680853 -0.901285 -0.220432
-0.688183 -0.904165 -0.215982
-0.74351 -0.915379 -0.171868
-0.756251 -0.917051 -0.1608
-0.775973 -0.918311 -0.142338
-0.789761 -0.919162 -0.1294
-0.803724 -0.91972 -0.115995
-0.817163 -0.919989 -0.102826
-0.82973 -0.919985 -0.0902552
-0.89326 -0.89496 -0.00170075
-0.900764 -0.893808 0.00695614
-0.908444 -0.892511 0.0159327
-0.9156 -0.890964 0.024636
-0.92293 -0.889849 0.0330807
-0.93026 -0.888042 0.0422185
-0.947365 -0.895368 0.0519966
-0.948936 -0.892648 0.0562878
-0.950157 -0.889892 0.0602648
-0.950681 -0.887126 0.0635545
-0.951728 -0.884348 0.06738
-0.95295 -0.88158 0.0713702
-0.954172 -0.878689 0.0754826
-0.956615 -0.854794 0.101821
-0.956615 -0.852768 0.103847
-0.956789 -0.851327 0.105462
-0.956964 -0.849394 0.10757
-0.956964 -0.847433 0.109531
-0.956615 -0.845436 0.111179
-0.950332 -0.854856 0.0954756
-0.948412 -0.853716 0.0946959
-0.946143 -0.852603 0.0935396
-0.944223 -0.851527 0.0926964
-0.942478 -0.852639 0.0898384
-0.939685 -0.85171 0.0879751
-0.93794 -0.850845 0.0870946
-0.931133 -0.963559 -0.0324257
-0.929911 -0.961148 -0.0312362
-0.929213 -0.958775 -0.0295613
-0.928341 -0.956316 -0.0279756
-0.927119 -0.95403 -0.0269113
-0.926246 -0.951699 -0.025453
-0.946667 -0.782762 0.163905
-0.950332 -0.778792 0.17154
-0.954521 -0.774743 0.179778
-0.958535 -0.770652 0.187883
-0.961851 -0.767502 0.194349
-0.965167 -0.763375 0.201793
-0.941082 -0.789851 0.151231
-0.934449 -0.784989 0.14946
-0.927468 -0.780287 0.147181
-0.916821 -0.775376 0.141446
-0.910015 -0.770967 0.139047
-0.903906 -0.766696 0.13721
-0.882264 -0.72136 0.160904
-0.877202 -0.71836 0.158842
-0.874061 -0.715468 0.158592
-0.87057 -0.712728 0.157842
-0.86708 -0.710307 0.156773
-0.863414 -0.707685 0.15573
-0.8594 -0.705093 0.154307
-0.834966 -0.896341 -0.0613756
-0.830253 -0.893836 -0.0635833
-0.825715 -0.891441 -0.065726
-0.821701 -0.888999 -0.0672984
-0.818036 -0.886723 -0.0686873
-0.811753 -0.882836 -0.0710838
-0.809484 -0.880707 -0.0712238
-0.830777 -0.867575 -0.0367985
-0.834966 -0.864958 -0.0299922
-0.842645 -0.862294 -0.0196487
-0.848405 -0.859414 -0.0110097
-0.854339 -0.856373 -0.00203406
-0.859749 -0.850178 0.009571
-0.875108 -0.83869 0.0364185
-0.87825 -0.833316 0.0449334
-0.87982 -0.828103 0.0517175
-0.880519 -0.822876 0.0576423
-0.881391 -0.817594 0.0637971
-0.882613 -0.809868 0.0727451
-0.88366 -0.804471 0.0791888
-0.884184 -0.799105 0.0850788
-0.882264 -0.863419 0.0188446
-0.881217 -0.861504 0.0197131
-0.87982 -0.859676 0.0201446
-0.87825 -0.857824 0.0204257
-0.87633 -0.855964 0.0203656
-0.874759 -0.852794 0.0219646
-0.872665 -0.851002 0.0216622
-0.871966 -0.849227 0.0227397
-0.876853 -0.9699 -0.0930463
-0.877552 -0.97 -0.0924486
-0.87825 -0.970088 -0.0918379
-0.878599 -0.970157 -0.091558
-0.878948 -0.970216 -0.0912687
-0.879471 -0.970271 -0.0907992
-0.910189 -0.965915 -0.0557258
-0.915774 -0.965215 -0.0494409
-0.921534 -0.964407 -0.0428731
-0.927817 -0.963452 -0.0356353
-0.934798 -0.962352 -0.0275541
-0.941256 -0.961083 -0.0198271
-0.963596 -0.989412 -0.0258156
-0.966738 -0.984084 -0.0173459
-0.969879 -0.978645 -0.00876546
-0.972847 -0.973156 -0.000309203
-0.976686 -0.967714 0.0089718
-0.979479 -0.960236 0.0192432
-0.991871 -0.931537 0.060334
-0.99379 -0.925485 0.0683059
-0.994838 -0.919272 0.0755654
-0.995885 -0.912951 0.0829337
-0.996583 -0.906767 0.0898162
-0.996932 -0.900835 0.096097
-0.994489 -0.866645 0.127844
-0.992918 -0.859033 0.133885
-0.991172 -0.851511 0.139662
-0.989078 -0.844039 0.145039
-0.98646 -0.836583 0.149877
-0.984017 -0.826419 0.157598
-0.967436 -0.796674 0.170762
-0.962724 -0.786837 0.175887
-0.957837 -0.779591 0.178245
-0.952775 -0.772383 0.180392
-0.945096 -0.765302 0.179794
-0.93986 -0.758482 0.181378
-0.934449 0 0.934449
-0.92869 0 0.92869
-0.922407 0 0.922407
-0.916123 0 0.916123
-0.90984 0 0.90984
-0.903382 0 0.903382
-0.886976 0 0.886976
-0.86708 0 0.86708
-0.840202 0 0.840202
-0.808437 0 0.808437
-0.774228 0 0.774228
-0.738274 0 0.738274
-0.699702 0 0.699702
-0.658513 0 0.658513
-0.596728 0 0.596728
-0.556585 0 0.556585
-0.516792 0 0.516792
-0.476998 0 0.476998
-0.437903 0 0.437903
-0.400902 0 0.400902
-0.366519 0 0.366519
-0.31957 0 0.31957
-0.291121 0 0.291121
-0.264417 0 0.264417
-0.239459 0 0.239459
-0.216072 0 0.216072
-0.194779 0 0.194779
-0.175231 0 0.175231
-0.15708 0 0.15708
-0.132296 0 0.132296
-0.116763 0 0.116763
-0.102276 0 0.102276
-0.0888373 0 0.0888373
-0.0767945 0 0.0767945
-0.0654498 0 0.0654498
-0.0548033 0 0.0548033
-0.0453786 0 0.0453786
-0.0331613 0 0.0331613
-0.0256563 0 0.0256563
-0.0211185 0 0.0211185
-0.0205949 0 0.0205949
-0.0193732 0 0.0193732
-0.0137881 0 0.0137881
-0.00471239 0 0.00471239
0.00541052 0 -0.00541052
0.018675 0 -0.018675
0.026529 0 -0.026529
0.0357792 0 -0.0357792
0.0479966 0 -0.0479966
0.0624828 0 -0.0624828
0.0778417 0 -0.0778417
0.0932006 0 -0.0932006
0.115715 0 -0.115715
0.130376 0 -0.130376
0.144688 0 -0.144688
0.157603 0 -0.157603
0.169471 0 -0.169471
0.181689 0 -0.181689
0.194081 0 -0.194081
0.206298 0 -0.206298
0.223402 0 -0.223402
0.234747 0 -0.234747
0.246091 0 -0.246091
0.256214 0 -0.256214
0.26529 0 -0.26529
0.273842 0 -0.273842
0.282045 0 -0.282045
0.289899 0 -0.289899
0.301767 0 -0.301767
0.31032 0 -0.31032
0.319046 0 -0.319046
0.328471 0 -0.328471
0.337896 0 -0.337896
0.347495 0 -0.347495
0.357094 0 -0.357094
0.371232 0 -0.371232
0.379958 0 -0.379958
0.388336 0 -0.388336
0.395841 0 -0.395841
0.402822 0 -0.402822
0.409454 0 -0.409454
0.415388 0 -0.415388
0.420973 0 -0.420973
0.429351 0 -0.429351
0.435634 0 -0.435634
0.442441 0 -0.442441
0.449073 0 -0.449073
0.456229 0 -0.456229
0.463559 0 -0.463559
0.470541 0 -0.470541
0.477697 0 -0.477697
0.487121 0 -0.487121
0.49323 0 -0.49323
0.499339 0 -0.499339
0.504924 0 -0.504924
0.509811 0 -0.509811
0.514349 0 -0.514349
0.518537 0 -0.518537
0.524995 0 -0.524995
0.529533 0 -0.529533
0.533896 0 -0.533896
0.53826 0 -0.53826
0.543146 0 -0.543146
0.548732 0 -0.548732
0.554666 0 -0.554666
0.560076 0 -0.560076
0.568977 0 -0.568977
0.574737 0 -0.574737
0.580147 0 -0.580147
0.58486 0 -0.58486
0.589223 0 -0.589223
0.593586 0 -0.593586
0.597775 0 -0.597775
0.60179 0 -0.60179
0.607898 0 -0.607898
0.611912 0 -0.611912
0.615927 0 -0.615927
0.620115 0 -0.620115
0.624304 0 -0.624304
0.628493 0 -0.628493
0.632507 0 -0.632507
0.638092 0 -0.638092
0.641758 0 -0.641758
0.645248 0 -0.645248
0.647866 0 -0.647866
0.649612 0 -0.649612
0.651357 0 -0.651357
0.653975 0 -0.653975
0.657116 0 -0.657116
0.661654 0 -0.661654
0.664272 0 -0.664272
0.66689 0 -0.66689
0.670032 0 -0.670032
0.673348 0 -0.673348
0.67649 0 -0.67649
0.679282 0 -0.679282
0.682249 0 -0.682249
0.686613 0 -0.686613
0.689405 0 -0.689405
0.692023 0 -0.692023
0.694816 0 -0.694816
0.697608 0 -0.697608
0.700226 0 -0.700226
0.70267 0 -0.70267
0.705113 0 -0.705113
0.708778 0 -0.708778
0.711047 0 -0.711047
0.712792 0 -0.712792
0.714538 0 -0.714538
0.716109 0 -0.716109
0.717505 0 -0.717505
0.718552 0 -0.718552
0.720123 0 -0.720123
0.721694 0 -0.721694
0.723788 0 -0.723788
0.725882 0 -0.725882
0.727628 0 -0.727628
0.729373 0 -0.729373
0.731293 0 -0.731293
0.733387 0 -0.733387
0.736354 0 -0.736354
0.7381 0 -0.7381
0.739845 0 -0.739845
0.74159 0 -0.74159
0.743685 0 -0.743685
0.74543 0 -0.74543
0.746826 0 -0.746826
0.747175 0 -0.747175
0.747175 0 -0.747175
0.747175 0 -0.747175
0.74735 0 -0.74735
0.74735 0 -0.74735
0.74735 0 -0.74735
0.74735 0 -0.74735
0.74735 0 -0.74735
0.74735 0 -0.74735
0.747525 0 -0.747525
0.747525 0 -0.747525
0.747525 0 -0.747525
0.74735 0 -0.74735
0.74735 0 -0.74735
0.74735 0 -0.74735
0.74735 0 -0.74735
0.74735 0 -0.74735
0.74735 0 -0.74735
0.74735 0 -0.74735
0.747175 0 -0.747175
0.747175 0 -0.747175
0.747001 0 -0.747001
0.746826 0 -0.746826
0.746477 0 -0.746477
0.746477 0 -0.746477
0.746303 0 -0.746303
0.746303 0 -0.746303
0.746303 0 -0.746303
0.746477 0 -0.746477
0.746477 0 -0.746477
0.746477 0 -0.746477
0.746477 0 -0.746477
0.746477 0 -0.746477
0.746303 0 -0.746303
0.746128 0 -0.746128
0.746128 0 -0.746128
0.746303 0 -0.746303
0.746128 0 -0.746128
0.746128 0 -0.746128
0.746128 0 -0.746128
0.745954 0 -0.745954
0.745954 0 -0.745954
0.745954 0 -0.745954
0.745779 0 -0.745779
0.745779 0 -0.745779
0.745779 0 -0.745779
0.745605 0 -0.745605
0.745605 0 -0.745605
0.745605 0 -0.745605
0.745605 0 -0.745605
0.74543 0 -0.74543
0.74543 0 -0.74543
0.74543 0 -0.74543
-0.0919789 2.44593 2.53791
-0.0919789 2.44593 2.53791
-0.0919789 2.44593 2.53791
-0.0919789 2.44593 2.53791
-0.0919789 2.44593 2.53791
-0.0919789 2.44593 2.53791
-0.0919789 2.44593 2.53791
-0.0919789 2.44593 2.53791
-0.0919789 2.44601 2.53799
-0.0921534 2.44617 2.53832
-0.0907571 2.44648 2.53724
-0.082205 2.44672 2.52893
-0.0631809 2.44664 2.50982
-0.0340339 2.44615 2.48018
0.00488692 2.4453 2.44042
0.0541052 2.44433 2.39023
0.112574 2.44341 2.33083
0.179594 2.44253 2.26293
0.292343 2.4417 2.14936
0.373326 2.44137 2.06805
0.458323 2.44149 1.98316
0.546463 2.44376 1.8973
0.63722 2.44794 1.81072
0.730071 2.45283 1.72276
0.823795 2.45854 1.63475
0.916298 2.46578 1.54949
1.05104 2.47449 1.42346
1.13848 2.48385 1.34537
1.22382 2.49295 1.26912
1.30673 2.50254 1.19581
1.38649 2.51217 1.12568
1.46276 2.52176 1.059
1.53484 2.53121 0.996369
1.63468 2.54029 0.90561
1.69594 2.54857 0.852639
1.75336 2.55667 0.803315
1.80764 2.56482 0.757183
1.8586 2.57273 0.714127
1.90625 2.58029 0.674039
1.95058 2.58697 0.636388
1.99177 2.59285 0.601077
2.04919 2.59832 0.549128
2.08584 2.60313 0.517283
2.12127 2.60745 0.486172
2.15496 2.61141 0.45645
2.18637 2.3999 0.213526
2.21622 2.40296 0.186746
2.24449 2.40567 0.161181
2.27137 2.40837 0.136994
2.30802 2.41056 0.102539
2.33001 2.41196 0.0819466
2.34817 2.41295 0.0647876
2.36108 2.41362 0.052539
2.37051 2.41402 0.0435139
2.37853 2.41425 0.0357199
2.38534 2.41433 0.0289932
2.39145 2.41428 0.0228279
2.39372 2.41411 0.0203896
2.39581 2.41397 0.0181577
2.39843 2.41371 0.0152758
2.40122 2.41339 0.0121691
2.40419 2.41302 0.00883024
2.40681 2.4126 0.00578954
2.4089 2.41212 0.00322124
2.41187 2.41168 -0.00019483
2.41414 2.41109 -0.00305011
2.41623 2.41045 -0.00578041
2.4178 2.40978 -0.00802084
2.4192 2.40911 -0.0100956
2.42077 2.40839 -0.0123812
2.42217 2.40771 -0.0144618
2.42322 2.4069 -0.0163156
2.42444 2.40607 -0.0183653
2.42513 2.40525 -0.0198898
2.42566 2.4044 -0.0212537
2.42601 2.40356 -0.0224478
2.42671 2.40271 -0.023998
2.42793 2.40194 -0.0259886
2.42863 2.40103 -0.0275976
2.4295 2.40011 -0.0293893
2.4302 2.39919 -0.0310062
2.43055 2.3987 -0.0318423
2.43072 2.39773 -0.0329885
2.43089 2.39678 -0.0341139
2.43107 2.39585 -0.0352184
2.43159 2.3949 -0.0366938
2.43194 2.39388 -0.0380589
2.43229 2.39291 -0.0393841
2.43264 2.39193 -0.0407101
2.43212 2.39093 -0.0411883
2.43212 2.38994 -0.0421739
2.43194 2.38882 -0.04312
2.43194 2.38779 -0.0441497
2.43177 2.38677 -0.0449984
2.43194 2.38576 -0.0461796
2.43212 2.38475 -0.0473709
2.43194 2.38371 -0.0482296
2.43194 2.38132 -0.0506188
2.43177 2.38029 -0.051479
2.43142 2.3791 -0.05232
2.43107 2.3781 -0.0529663
2.43037 2.37707 -0.0533019
2.42985 2.37604 -0.0538041
2.42915 2.37505 -0.0541021
2.4288 2.37408 -0.0547165
2.4274 2.372 -0.0554023
2.42636 2.37106 -0.0552996
2.42496 2.37012 -0.0548385
2.42409 2.36922 -0.0548727
2.42322 2.36836 -0.0548555
2.42234 2.36752 -0.0548213
2.42112 2.36646 -0.05466
2.41938 2.36561 -0.0537688
2.41798 2.3664 -0.0515769
2.41711 2.36534 -0.0517632
2.41658 2.3643 -0.052281
2.41606 2.36328 -0.0527817
2.41554 2.36226 -0.0532784
2.41466 2.36124 -0.0534218
2.41362 2.36024 -0.0533729
2.41292 2.35881 -0.0541059
2.41205 2.35691 -0.0551339
2.41047 2.35594 -0.0545356
2.40925 2.35502 -0.0542364
2.40821 2.35412 -0.0540812
2.40716 2.35279 -0.0543662
2.40594 2.35196 -0.0539763
2.40506 2.35113 -0.053938
2.40437 2.3503 -0.0540669
2.4021 2.3539 -0.0481936
2.40192 2.35272 -0.0492005
2.40105 2.35152 -0.0495286
2.39983 2.35036 -0.0494675
2.39861 2.34919 -0.0494185
2.39756 2.34805 -0.0495118
2.39634 2.34693 -0.0494093
2.39529 2.34585 -0.0494426
2.39477 2.34478 -0.049985
2.39372 2.34372 -0.0499999
2.39232 2.34192 -0.0504009
2.39128 2.34091 -0.0503624
2.39023 2.33991 -0.0503155
2.38883 2.33893 -0.0498982
2.38691 2.33798 -0.0489289
2.38517 2.33705 -0.0481181
2.38395 2.33537 -0.0485794
2.38272 2.47171 0.0889859
2.38203 2.46915 0.0871265
2.38168 2.46665 0.0849761
2.38115 2.4631 0.0819508
2.38045 2.46063 0.0801724
2.37958 2.45816 0.0785793
2.37941 2.45568 0.0762708
2.3808 2.45315 0.0723456
2.38482 2.45067 0.0658512
2.39093 2.40107 0.0101418
2.39704 2.39798 0.000947734
2.4021 2.39467 -0.00742262
2.40733 2.39128 -0.0160516
2.41588 2.38769 -0.0281914
2.42077 2.38304 -0.0377345
2.42444 2.37922 -0.0452177
2.42688 2.3754 -0.0514853
2.42828 2.37578 -0.0524924
2.4288 2.37102 -0.0577796
2.4288 2.3663 -0.0625042
2.42863 2.36159 -0.0670332
2.42775 2.35683 -0.0709258
2.42653 2.35151 -0.0750221
2.42548 2.34687 -0.0786115
2.42444 2.34219 -0.0822445
2.42322 2.33758 -0.0856314
2.42095 2.32851 -0.0924407
2.41833 2.32318 -0.0951489
2.41588 2.31863 -0.0972588
2.41327 2.31406 -0.0992065
2.41047 2.3096 -0.100877
2.40768 2.30524 -0.102441
2.40506 2.30104 -0.104022
2.40279 2.29603 -0.106768
2.39965 2.26946 -0.130194
2.39389 2.26438 -0.129517
2.3904 2.2594 -0.131001
2.38691 2.25461 -0.1323
2.38325 2.24994 -0.133302
2.37941 2.24531 -0.134094
2.37539 2.24063 -0.134758
2.37051 2.2358 -0.134706
2.36527 2.23134 -0.133929
2.35829 2.2269 -0.131389
2.35393 2.22265 -0.131277
2.34921 2.21856 -0.130654
2.34433 2.21446 -0.12987
2.33944 2.21024 -0.129195
2.33455 2.20633 -0.128224
2.32984 2.20256 -0.127284
2.3253 2.19885 -0.126449
2.31867 2.19663 -0.12204
2.31431 2.19317 -0.121138
2.30977 2.18975 -0.120017
2.30488 2.18645 -0.118435
2.29965 2.1833 -0.116346
2.29458 2.17813 -0.116456
2.28952 2.17509 -0.114436
2.28132 2.17215 -0.109173
2.2719 2.20188 -0.0700159
2.26736 2.19747 -0.0698862
2.26282 2.19531 -0.0675103
2.25846 2.19315 -0.0653086
2.25427 2.1911 -0.0631648
2.25008 2.18918 -0.0608979
2.24537 2.1873 -0.0580675
2.24327 2.18304 -0.0602332
2.24135 2.13185 -0.109499
2.23961 2.1275 -0.112105
2.23786 2.12313 -0.114732
2.23577 2.11876 -0.117005
2.23402 2.11462 -0.119404
2.23228 2.11045 -0.121824
2.22948 2.10629 -0.123191
2.22687 2.0999 -0.126961
2.22355 2.09575 -0.127796
2.20976 2.08399 -0.125775
2.2054 2.08025 -0.125151
2.19772 2.07436 -0.123357
2.19248 2.07082 -0.121666
2.18742 2.06731 -0.12011
2.18236 2.06395 -0.11841
2.17712 2.06069 -0.116433
2.17206 2.06924 -0.102819
2.16735 2.06416 -0.103186
2.16281 2.05923 -0.103581
2.15653 2.05423 -0.102301
2.15217 2.04934 -0.102821
2.1478 2.04457 -0.10323
2.14379 2.03991 -0.103877
2.14012 2.03535 -0.10477
2.13663 2.02617 -0.110457
2.13297 2.02328 -0.109686
2.1293 2.02037 -0.108928
2.12354 2.01751 -0.106033
2.1197 2.01486 -0.104838
2.11569 2.01228 -0.103405
2.1115 2.00892 -0.102583
2.10714 2.0065 -0.100635
2.10277 2.00415 -0.0986258
2.09841 2.00607 -0.0923354
2.09178 2.00326 -0.0885179
2.08776 2.00058 -0.0871821
2.08392 1.998 -0.0859226
2.07973 1.99547 -0.0842664
2.07572 1.99302 -0.0826981
2.07205 1.99063 -0.0814243
2.06822 1.98837 -0.0798433
2.06455 1.98619 -0.078358
2.05914 1.98402 -0.075117
2.05565 1.98242 -0.0732243
2.05198 1.98049 -0.0714948
2.04849 1.97858 -0.0699086
2.045 1.97678 -0.0682261
2.04186 1.97505 -0.0668084
2.03907 1.97386 -0.0652092
2.03645 1.97225 -0.0642001
2.03278 1.96909 -0.0636996
2.03034 1.96795 -0.0623905
2.02825 1.96686 -0.0613916
2.02615 1.96581 -0.0603415
2.02371 1.96483 -0.0588796
2.02161 1.96389 -0.057727
2.01935 1.96232 -0.057025
2.01603 1.96144 -0.0545874
2.01167 1.95988 -0.0517839
2.00957 1.95917 -0.0503978
2.00765 1.95787 -0.0497848
2.00626 1.95724 -0.0490208
2.00503 1.95663 -0.0484051
2.00364 1.95606 -0.0475816
2.00137 1.9555 -0.0458723
1.99945 1.95416 -0.0452875
1.99718 1.85204 -0.145138
1.99543 1.84643 -0.149002
1.99421 1.84095 -0.153262
1.99299 1.83559 -0.157405
1.9916 1.83037 -0.161223
1.99037 1.82498 -0.165391
1.98653 1.81945 -0.167086
1.98182 1.81365 -0.168171
1.97571 1.96545 -0.010264
1.96891 1.96338 -0.0055281
1.96175 1.96144 -0.000305468
1.95494 1.95947 0.00452432
1.94831 1.95734 0.00903124
1.94133 1.95576 0.0144334
1.93278 1.95428 0.0215023
1.93138 1.95299 0.0216103
1.93173 1.95178 0.0200544
1.93278 1.95195 0.0191678
1.934 1.95044 0.0164456
1.93557 1.94892 0.0133472
1.93766 1.94591 0.00824256
1.94116 1.94428 0.0031203
1.94273 1.94259 -0.000138771
1.94412 1.9409 -0.00322721
1.94604 1.93912 -0.00692083
1.94779 1.93579 -0.0119935
1.94901 1.93393 -0.0150801
1.95006 1.93204 -0.018019
1.95075 1.93012 -0.0206319
1.9511 1.92817 -0.022934
1.95093 1.92448 -0.0264521
1.95041 1.92247 -0.0279362
1.94971 1.92047 -0.0292348
1.94779 1.70891 -0.238879
1.94691 1.70136 -0.245556
1.94587 1.69394 -0.251923
1.94412 1.68708 -0.257046
1.94325 1.68052 -0.26273
1.94168 1.67354 -0.268137
1.93819 1.66641 -0.271774
1.93121 1.65943 -0.271772
1.92091 1.90051 -0.0204012
1.90991 1.89667 -0.0132447
1.89438 1.89281 -0.00156559
1.88321 1.88878 0.00556928
1.87099 1.88509 0.0141005
1.85843 1.88062 0.0221929
1.84761 1.87769 0.0300857
1.8415 1.8749 0.0334016
1.83975 1.8662 0.0264488
1.83888 1.86286 0.0239814
1.83748 1.85942 0.021935
1.83853 1.85604 0.0175098
1.8408 1.85273 0.0119336
1.84359 1.84743 0.00384252
1.84586 1.84395 -0.00190746
1.84761 1.84034 -0.00726825
1.84953 1.8367 -0.0128245
1.85145 1.54747 -0.303973
1.85302 1.5419 -0.311114
1.85337 1.53637 -0.316999
1.85302 1.53134 -0.321677
1.85249 1.52685 -0.325638
1.85179 1.52188 -0.329911
1.84935 1.51652 -0.332834
1.84272 1.51127 -0.331449
1.81078 1.50215 -0.308624
1.79804 1.49812 -0.299915
1.78547 1.49419 -0.291283
1.77133 1.4905 -0.28083
1.75598 1.48708 -0.268894
1.74062 1.48399 -0.256624
1.72613 1.48122 -0.244908
1.70623 1.76398 0.0577457
1.69262 1.76345 0.0708267
1.67918 1.76318 0.0839996
1.66661 1.76319 0.0965737
1.65475 1.76349 0.108739
1.64323 1.7613 0.118075
1.63345 1.762 0.128544
1.62892 1.76292 0.134002
1.63293 1.76395 0.131022
1.63764 1.74588 0.108241
1.64235 1.74686 0.104502
1.64759 1.74773 0.100137
1.65335 1.74846 0.095111
1.65946 1.74906 0.0896027
1.66609 1.74733 0.0812425
1.67255 1.74763 0.0750841
1.68093 1.74779 0.0668678
1.68616 1.74777 0.0616099
1.69122 1.74764 0.056414
1.69576 1.74453 0.0487657
1.69995 1.74413 0.0441791
1.70414 1.74363 0.0394917
1.7078 1.74303 0.0352228
1.71252 1.74235 0.029829
1.71548 1.74156 0.026076
1.72055 1.73744 0.0168985
1.72316 1.73468 0.0115121
1.72578 1.73178 0.00600164
1.72823 1.72881 0.000589901
1.73032 1.72583 -0.00449336
1.73364 1.7227 -0.0109339
1.73538 1.7195 -0.0158794
1.73695 1.71633 -0.0206182
1.73817 1.71315 -0.0250259
1.73887 1.70945 -0.0294187
1.73922 1.70619 -0.0330282
1.73905 1.70296 -0.0360863
1.73852 1.69965 -0.0388696
1.73713 1.69634 -0.0407901
1.73573 1.6927 -0.0430276
1.73451 1.68951 -0.045001
1.73311 1.68966 -0.0434536
1.73137 1.68629 -0.0450751
1.72962 1.6829 -0.0467214
1.7277 1.67948 -0.0482168
1.72421 1.67615 -0.0480632
1.72194 1.67292 -0.0490202
1.71967 1.66972 -0.0499492
1.71705 1.66589 -0.0511684
1.71444 1.66278 -0.0516613
1.71182 1.6597 -0.052117
1.70903 1.65667 -0.0523602
1.70606 1.65372 -0.052335
1.70257 1.65013 -0.0524378
1.69995 1.64733 -0.0526227
1.69733 1.64455 -0.0527843
1.69506 1.64181 -0.0532546
1.69245 1.63918 -0.0532651
1.69 1.64025 -0.0497514
1.68773 1.63722 -0.0505097
1.68546 1.63421 -0.0512546
1.68197 1.63123 -0.0507462
1.67988 1.62736 -0.052517
1.67779 1.62451 -0.0532726
1.67552 1.62176 -0.0537605
1.67307 1.61906 -0.0540101
1.67098 1.61633 -0.0546505
1.66853 1.6127 -0.0558358
1.6647 1.61007 -0.0546234
1.66243 1.60754 -0.0548834
1.65946 1.60503 -0.0544248
1.65649 1.60262 -0.0538733
1.65387 1.60027 -0.0536063
1.65108 1.59685 -0.0542279
1.64829 1.59932 -0.0489724
1.64532 1.59646 -0.048857
1.64131 1.59225 -0.0490585
1.63834 1.58952 -0.0488226
1.63555 1.58682 -0.0487282
1.63276 1.58418 -0.0485732
1.62996 1.58166 -0.0482983
1.62752 1.57781 -0.0497129
1.62508 1.57529 -0.04979
1.62263 1.57283 -0.0497991
1.61914 1.57048 -0.0486663
1.61687 1.56818 -0.0486924
1.6146 1.56595 -0.048656
1.61251 1.56219 -0.0503205
1.61024 1.56002 -0.050223
1.60815 1.55787 -0.0502753
1.60623 1.57418 -0.032044
1.60396 1.56993 -0.0340309
1.60239 1.56576 -0.036625
1.60064 1.56163 -0.0390164
1.59925 1.5575 -0.0417484
1.5975 1.55337 -0.0441297
1.59558 1.54935 -0.0462336
1.59436 1.54531 -0.0490453
1.59331 1.5413 -0.0520095
1.59122 1.53726 -0.0539537
1.58965 1.53329 -0.0563571
1.58808 1.52932 -0.0587525
1.58616 1.52552 -0.0606345
1.58441 1.51949 -0.0649231
1.58232 1.51564 -0.0666732
1.57987 1.51182 -0.0680539
1.57708 1.50802 -0.0690567
1.57341 1.45878 -0.114633
1.5708 1.4517 -0.119093
1.56818 1.44474 -0.123441
1.56556 1.43788 -0.127676
1.56294 1.43126 -0.13168
1.55998 1.42463 -0.13534
1.55648 1.41782 -0.138668
1.55212 1.41109 -0.14103
1.54479 1.40456 -0.140235
1.53938 1.39513 -0.144246
1.53362 1.38884 -0.144779
1.52699 1.38262 -0.14437
1.52036 1.37648 -0.143874
1.51355 1.37044 -0.143113
1.50639 1.36162 -0.144778
1.4961 1.35585 -0.140249
1.48248 1.44702 -0.0354604
1.47585 1.44198 -0.033873
1.46904 1.43712 -0.0319277
1.46224 1.43216 -0.0300757
1.45543 1.42742 -0.0280061
1.44897 1.42277 -0.0262027
1.44182 1.41496 -0.0268612
1.43955 1.41044 -0.0291112
1.43867 1.40603 -0.0326402
1.43815 1.40165 -0.036506
1.43745 1.39416 -0.0432948
1.43693 1.38967 -0.0472635
1.43676 1.38533 -0.0514257
1.43623 1.38097 -0.0552659
1.43431 1.37648 -0.0578296
1.43222 1.3686 -0.0636144
1.43012 1.23624 -0.19388
1.42785 1.22766 -0.200196
1.42558 1.21933 -0.206255
1.42297 1.21145 -0.211513
1.42017 1.2036 -0.216571
1.41546 1.19549 -0.219969
1.41092 1.18417 -0.226757
1.40412 1.17594 -0.228175
1.39574 1.16816 -0.227579
1.38649 1.16075 -0.225736
1.37706 1.15337 -0.223695
1.36764 1.14269 -0.224949
1.35769 1.13536 -0.22233
1.34198 1.12826 -0.213722
1.33099 1.12163 -0.20936
1.31999 1.1152 -0.204791
1.309 1.1069 -0.202099
1.29765 1.09921 -0.198445
1.28596 1.089 -0.196962
1.27479 1.08134 -0.193448
1.26432 1.07419 -0.190122
1.25035 1.06706 -0.183291
1.24145 1.06015 -0.181299
1.23203 1.05341 -0.178619
1.2137 1.03765 -0.176056
1.20463 1.03138 -0.173251
1.19573 1.02528 -0.170444
1.18246 1.01929 -0.163169
1.17356 1.00997 -0.163587
1.16483 1.00442 -0.160414
1.15611 0.999073 -0.157034
1.14755 0.993871 -0.153683
1.13935 0.942411 -0.19694
1.13115 0.93758 -0.193568
1.12312 0.933087 -0.190032
1.11125 0.928686 -0.182566
1.1034 0.924635 -0.178762
1.09572 0.918274 -0.177443
1.08769 0.914408 -0.173282
1.07896 0.910757 -0.168205
1.06954 0.907293 -0.162244
1.06011 0.904012 -0.156101
1.05104 0.900969 -0.150068
1.0376 0.895403 -0.142195
1.0287 0.892753 -0.135944
1.02014 0.890251 -0.129894
1.01159 0.887978 -0.123615
1.00391 0.88589 -0.118023
0.996583 0.884485 -0.112098
0.989427 0.881041 -0.108386
0.979828 0.876182 -0.103645
0.973894 0.873013 -0.100881
0.96796 0.869973 -0.0979867
0.962375 0.867063 -0.0953113
0.956964 0.864244 -0.0927198
0.95103 0.860063 -0.0909664
0.945794 0.857493 -0.0883009
0.940907 0.855066 -0.0858408
0.9341 0.852733 -0.0813676
0.929911 0.850549 -0.0793628
0.925723 0.84655 -0.0791731
0.921359 0.844532 -0.0768269
0.916821 0.842622 -0.0741999
0.912458 0.840788 -0.0716704
0.907746 0.839294 -0.0684515
0.903382 0.836637 -0.0667457
0.896227 0.833968 -0.0622585
0.891514 0.831432 -0.0600821
0.887325 0.828949 -0.0583762
0.884009 0.826564 -0.0574456
0.88174 0.824406 -0.0573345
0.88017 0.822236 -0.0579335
0.878424 0.820041 -0.0583834
0.87633 0.817827 -0.0585032
0.873537 0.815639 -0.0578986
0.871792 0.813644 -0.0581475
0.870221 0.811775 -0.0584466
0.86865 0.809917 -0.0587334
0.866556 0.808019 -0.0585366
0.863763 0.806107 -0.057656
0.86132 0.804271 -0.0570488
0.857829 0.785225 -0.0726046
0.85556 0.783374 -0.0721859
0.853291 0.782999 -0.0702923
0.850324 0.782672 -0.0676523
0.846659 0.782416 -0.0642428
0.84247 0.782244 -0.0602261
0.838456 0.780716 -0.0577398
0.834616 0.780699 -0.0539176
0.828857 0.780767 -0.0480903
0.825017 0.780961 -0.0440558
0.821701 0.781246 -0.0404554
0.819258 0.780097 -0.0391602
0.817861 0.780479 -0.0373818
0.817163 0.780891 -0.0362724
0.816814 0.781323 -0.0354915
0.816465 0.781775 -0.0346903
0.815243 0.784978 -0.0302654
0.814545 0.784345 -0.0301997
0.813847 0.783728 -0.030119
0.812625 0.783095 -0.0295303
0.811229 0.782503 -0.0287255
0.809484 0.781937 -0.0275466
0.807215 0.781407 -0.0258073
0.803375 0.780927 -0.022448
0.801106 0.780101 -0.0210052
0.799012 0.779743 -0.0192683
0.797092 0.779435 -0.0176573
0.795172 0.779174 -0.0159976
0.793078 0.778956 -0.014122
0.791332 0.778819 -0.0125134
0.789587 0.778691 -0.0108963
0.787493 0.7786 -0.00889292
0.786271 0.778558 -0.00771247
0.785398 0.778508 -0.00689064
0.785049 0.778531 -0.0065186
0.784525 0.778561 -0.0059645
0.784176 0.778604 -0.00557213
0.784002 0.778681 -0.00532093
0.783653 0.778737 -0.00491619
0.783304 0.7788 -0.00450377
0.783129 0.778871 -0.00425789
0.782431 0.778947 -0.00348441
0.781908 0.779068 -0.00283955
0.781384 0.779174 -0.00221027
0.78086 0.779292 -0.00156879
0.779988 0.779421 -0.000566777
0.77929 0.779572 0.000282567
0.778766 0.779781 0.0010148
0.778242 0.779958 0.0017153
0.777893 0.779939 0.00204571
0.777195 0.780183 0.00298745
0.776148 0.78041 0.00426211
0.775275 0.780667 0.00539163
0.774752 0.780944 0.00619229
0.774403 0.781235 0.00683214
0.774577 0.78156 0.00698335
0.774752 0.781854 0.00710273
0.774752 0.78216 0.00740872
0.774926 0.78244 0.00751337
0.775275 0.78272 0.00744426
0.775101 0.783025 0.00792418
0.774926 0.783306 0.00838004
0.775275 0.783593 0.00831793
0.775275 0.783866 0.00859062
0.775275 0.784139 0.00886331
0.77545 0.784702 0.00925243
0.77545 0.785019 0.00956897
0.775275 0.785334 0.0100583
0.775275 0.785698 0.0104228
0.775275 0.786021 0.0107461
0.774926 0.786341 0.0114148
0.775101 0.786674 0.0115734
0.775101 0.787001 0.0119007
0.775101 0.788411 0.0133102
0.774926 0.788758 0.0138319
0.775101 0.789109 0.0140086
0.774926 0.789458 0.0145323
0.774752 0.78981 0.0150581
0.774752 0.790163 0.0154114
0.774403 0.790557 0.0161544
0.77353 0.790913 0.0173834
0.773006 0.790955 0.0179488
0.772832 0.791394 0.0185626
0.772483 0.79184 0.0193575
0.772832 0.792287 0.0194549
0.773704 0.792725 0.0190208
0.774228 0.793139 0.0189109
0.774926 0.793586 0.0186598
0.775973 0.793979 0.018006
0.776672 0.794342 0.0176709
0.777195 0.795122 0.0179267
0.777719 0.795473 0.0177538
0.777719 0.795859 0.0181406
0.777893 0.796207 0.0183133
0.778417 0.796544 0.0181272
0.77894 0.796862 0.0179218
0.779813 0.797165 0.017352
0.781035 0.797497 0.0164621
0.782082 0.797336 0.0152538
0.782606 0.797625 0.0150196
0.783478 0.797902 0.0144241
0.783653 0.798155 0.0145019
0.783478 0.7984 0.0149221
0.783304 0.79865 0.0153462
0.783129 0.798904 0.0157743
0.783129 0.799194 0.0160647
0.783304 0.799455 0.0161515
0.783653 0.799712 0.0160596
0.784002 0.799962 0.0159597
0.784176 0.800201 0.0160249
0.784525 0.80047 0.0159443
0.784525 0.800698 0.0161728
0.784525 0.800924 0.0163987
0.7847 0.801151 0.0164513
0.7847 0.800951 0.0162508
0.7847 0.801203 0.016503
0.785398 0.801462 0.0160642
0.786096 0.801703 0.0156067
0.786969 0.801931 0.0149625
0.788016 0.802141 0.0141247
0.788889 0.802324 0.013435
0.789238 0.802487 0.0132489
0.789587 0.802641 0.0130538
0.79046 0.80279 0.0123304
0.790983 0.802929 0.011946
0.792205 0.803042 0.0108373
0.793776 0.80313 0.00935381
0.794997 0.803181 0.00818303
0.796045 0.803203 0.00715848
0.797092 0.803215 0.00612274
0.79779 0.802915 0.00512516
0.798314 0.802885 0.00457188
0.798663 0.802843 0.00418072
0.798488 0.802793 0.00430471
0.798314 0.802747 0.00443357
0.798139 0.802705 0.00456624
0.797965 0.802667 0.00470214
0.797266 0.802632 0.00536579
0.796568 0.799374 0.00280555
0.796045 0.79933 0.00328574
0.795521 0.7993 0.00377898
0.794997 0.799282 0.00428436
0.794299 0.799264 0.00496418
0.793601 0.799273 0.00567199
0.793252 0.799299 0.00604672
0.793252 0.799333 0.00608113
0.792903 0.799368 0.00646536
0.792729 0.799399 0.00667036
0.792729 0.799445 0.00671675
0.792903 0.799491 0.00658836
0.792903 0.799533 0.00662997
0.793078 0.799575 0.00649728
0.793078 0.799597 0.00651951
0.792903 0.799635 0.00673188
0.792554 0.802198 0.00964411
0.79203 0.802271 0.0102406
0.791507 0.802355 0.0108484
0.791158 0.802389 0.0112314
0.790983 0.802492 0.0115083
0.790809 0.802599 0.0117905
0.790983 0.802711 0.0117282
0.791158 0.80282 0.0116625
0.791332 0.802821 0.0114887
0.791507 0.802893 0.0113858
0.791507 0.802961 0.0114544
0.791158 0.802946 0.0117881
0.790809 0.803019 0.01221
0.79046 0.8031 0.0126404
0.790285 0.80319 0.0129053
0.790634 0.803284 0.0126496
0.791158 0.803273 0.0121156
0.791158 0.803346 0.0121883
0.791158 0.803417 0.0122593
0.791507 0.803489 0.0119821
0.791856 0.803552 0.0116964
0.79203 0.803433 0.0114027
0.792903 0.803481 0.0105777
0.79395 0.803508 0.00955792
0.794648 0.803511 0.00886251
0.795521 0.803572 0.00805139
0.796394 0.803444 0.00705043
0.796743 0.803298 0.00655496
0.797092 0.803142 0.0060497
0.797441 0.802975 0.00553447
0.797266 0.802627 0.00536011
0.797092 0.802454 0.00536215
0.797266 0.802287 0.00502012
0.796917 0.802113 0.005196
0.796743 0.801949 0.0052062
0.796568 0.801583 0.00501511
0.796219 0.801422 0.00520246
0.796045 0.801272 0.00522683
0.795696 0.801122 0.0054265
0.794997 0.800979 0.00598116
0.794299 0.800504 0.0062047
0.793776 0.801314 0.00753794
0.793601 0.801023 0.00742183
0.793252 0.800443 0.00719066
0.793252 0.800161 0.00690845
0.793078 0.799874 0.00679613
0.793078 0.799589 0.00651187
0.793078 0.79931 0.00623219
0.793078 0.798727 0.00564925
0.793078 0.798325 0.0052478
0.793252 0.797989 0.00473703
0.793601 0.797645 0.00404392
0.793776 0.797297 0.00352088
0.794125 0.796572 0.00244769
0.794474 0.796197 0.00172318
0.794823 0.79582 0.000996559
0.795172 0.795434 0.000261762
0.795347 0.798669 0.00332228
0.795172 0.797879 0.0027066
0.794997 0.797088 0.0020906
0.794823 0.796302 0.00147863
0.794474 0.794995 0.00052148
0.79395 0.794209 0.000258487
0.793427 0.79343 3.45977e-06
0.793078 0.792672 -0.000405503
0.792729 0.791929 -0.000799219
0.792205 0.790655 -0.00154972
0.791332 0.789893 -0.00143937
0.79046 0.789159 -0.00130028
0.789587 0.788439 -0.00114829
0.788714 0.787746 -0.000967992
0.788016 0.786484 -0.00153227
0.787667 0.785822 -0.00184534
0.787143 0.789522 0.00237814
0.78662 0.788323 0.00170335
0.786271 0.787117 0.000846462
0.786096 0.785919 -0.000176879
0.785922 0.784713 -0.00120916
0.785922 0.783516 -0.00240552
0.785922 0.781585 -0.00433666
0.786271 0.780365 -0.00590609
0.78662 0.779162 -0.0074577
0.787143 0.777925 -0.00921858
0.787493 0.776695 -0.0107975
0.787667 0.774733 -0.012934
0.787842 0.773453 -0.0143885
0.787493 0.77219 -0.0153031
0.787143 0.770941 -0.0162027
0.786271 0.76968 -0.0165911
0.785049 0.777153 -0.00789617
0.783827 0.775313 -0.00851474
0.78278 0.77347 -0.00930996
0.78086 0.771642 -0.0092182
0.779639 0.769907 -0.00973172
0.778417 0.768171 -0.0102458
0.777195 0.766454 -0.010741
0.775973 0.764775 -0.0111987
0.774752 0.754882 -0.0198696
0.77353 0.751689 -0.0218407
0.772308 0.749613 -0.0226948
0.771086 0.747531 -0.023555
0.770214 0.7455 -0.024714
0.769516 0.742428 -0.0270875
0.768818 0.740418 -0.0283992
0.76777 0.738424 -0.0293462
0.766723 0.754559 -0.0121637
0.765676 0.751378 -0.0142977
0.764629 0.748236 -0.0163929
0.76236 0.745063 -0.0172965
0.760964 0.741958 -0.0190057
0.759393 0.738899 -0.0204937
0.757996 0.735907 -0.0220891
0.757473 0.732978 -0.0244947
0.756775 0.730026 -0.0267485
0.755728 0.727072 -0.0286553
0.75468 0.724108 -0.0305721
0.752935 0.719806 -0.033129
0.751539 0.716904 -0.0346351
0.749968 0.714016 -0.0359519
0.748223 0.711194 -0.0370283
0.746477 0.707059 -0.0394187
0.744732 0.717356 -0.0273759
0.742987 0.713172 -0.0298145
0.739671 0.709068 -0.030603
0.737402 0.704919 -0.0324825
0.734784 0.700884 -0.0338996
0.732166 0.696903 -0.0352624
0.729722 0.692934 -0.0367883
0.727802 0.689016 -0.0387864
0.726232 0.699945 -0.0262861
0.724661 0.696696 -0.0279642
0.722566 0.693392 -0.0291745
0.72117 0.690204 -0.0309663
0.719599 0.685716 -0.0338828
0.718028 0.68251 -0.0355186
0.716283 0.679475 -0.0368081
0.714887 0.676443 -0.0384437
0.713316 0.556035 -0.157281
0.711396 0.554279 -0.157117
0.708604 0.552558 -0.156046
0.707033 0.550957 -0.156076
0.705462 0.549453 -0.156009
0.703717 0.547949 -0.155768
0.700924 0.546442 -0.154482
0.695863 0.543765 -0.152097
0.689405 0.542425 -0.14698
0.679282 0.541222 -0.13806
0.67265 0.540264 -0.132385
0.665843 0.539444 -0.126399
0.658687 0.537538 -0.121149
0.651008 0.537007 -0.114001
0.643328 0.536649 -0.106679
0.635998 0.53646 -0.0995381
0.629017 0.638067 0.00904998
0.61837 0.635911 0.0175403
0.61104 0.634007 0.0229674
0.604233 0.631217 0.0269843
0.59795 0.629576 0.0316259
0.592714 0.628121 0.0354067
0.5887 0.626761 0.0380616
0.586605 0.625473 0.038868
0.586954 0.616753 0.0297986
0.589747 0.61525 0.0255035
0.591667 0.613699 0.0220322
0.593237 0.612111 0.0188737
0.595332 0.608785 0.0134533
0.597601 0.60711 0.00950938
0.599695 0.605296 0.00560099
0.600917 0.603452 0.00253505
0.602488 0.601558 -0.000929427
0.603186 0.608048 0.00486249
0.603535 0.60577 0.00223545
0.603709 0.603458 -0.000251473
0.603709 0.600912 -0.0027973
0.603535 0.59859 -0.00494533
0.60336 0.596257 -0.00710314
0.603011 0.593877 -0.00913433
0.602488 0.466345 -0.136143
0.602139 0.463999 -0.13814
0.601964 0.461662 -0.140303
0.60144 0.459392 -0.142049
0.600742 0.457273 -0.14347
0.600044 0.456902 -0.143142
0.598299 0.454683 -0.143616
0.594459 0.45254 -0.141919
0.585732 0.453066 -0.132667
0.578751 0.452598 -0.126153
0.571944 0.452284 -0.119661
0.564963 0.452116 -0.112847
0.557807 0.452105 -0.105702
0.550477 0.452254 -0.0982229
0.543321 0.452568 -0.0907526
0.536689 0.453044 -0.083645
0.526915 0.453668 -0.0732466
0.520981 0.484593 -0.036388
0.515221 0.486052 -0.029169
0.509636 0.489035 -0.0206011
0.504575 0.490814 -0.0137604
0.500037 0.492711 -0.00732566
0.495674 0.494714 -0.000959789
0.490961 0.496852 0.00589133
0.489216 0.500481 0.0112651
0.487994 0.464229 -0.0237647
0.487121 0.467319 -0.0198024
0.486423 0.470415 -0.0160081
0.486074 0.473497 -0.0125774
0.4859 0.476589 -0.00931038
0.484503 0.526527 0.0420237
0.483456 0.530044 0.0465875
0.482409 0.533691 0.051282
0.481187 0.537263 0.0560762
0.479966 0.540866 0.0609007
0.478744 0.5445 0.0657557
0.478395 0.548244 0.0698489
0.479616 0.510339 0.0307221
0.481885 0.514049 0.0321635
0.484852 0.517712 0.0328597
0.488343 0.521292 0.0329492
0.491834 0.524837 0.0330032
0.495499 0.528344 0.0328453
0.501084 0.531789 0.0307054
0.503877 0.535036 0.0311599
0.505622 0.539675 0.0340535
0.50632 0.542855 0.0365353
0.507018 0.546021 0.0390029
0.508065 0.549226 0.0411603
0.508938 0.553729 0.0447907
0.509811 0.556872 0.047061
0.511381 0.560031 0.04865
0.512429 0.563157 0.0507283
0.513476 0.566226 0.0527501
0.514698 0.567842 0.0531443
0.516094 0.571969 0.0558754
0.517316 0.57599 0.0586746
0.518712 0.580043 0.0613311
0.520457 0.584046 0.0635888
0.523424 0.588013 0.0645892
0.52517 0.591831 0.0666613
0.527264 0.595685 0.0684215
0.529358 0.599508 0.0701499
0.531802 0.603203 0.071401
0.534594 0.606929 0.0723345
0.53791 0.610615 0.0727042
0.541925 0.614232 0.0723075
0.544892 0.617756 0.0728638
0.548033 0.621271 0.0732374
0.550826 0.62464 0.0738141
0.553618 0.627822 0.0742035
0.55676 0.631102 0.0743419
0.560251 0.63435 0.0740989
0.563567 0.637555 0.0739884
0.568454 0.641097 0.0726438
0.571595 0.644144 0.0725487
0.574737 0.647087 0.0723496
0.578053 0.649942 0.0718894
0.581369 0.586683 0.0053136
0.584685 0.588567 0.00388215
0.587827 0.589951 0.00212382
0.590968 0.591307 0.000338072
0.595506 0.592595 -0.00291085
0.59795 0.593764 -0.00418545
0.599346 0.595223 -0.00412275
0.599346 0.596299 -0.0030475
0.598299 0.535603 -0.0626961
0.597252 0.535603 -0.0616484
0.596554 0.535629 -0.0609247
0.595506 0.535669 -0.059837
0.59411 0.535733 -0.058377
0.593761 0.537101 -0.0566604
0.592539 0.537237 -0.0553027
0.590096 0.537402 -0.052694
0.586954 0.537622 -0.0493322
0.583638 0.537915 -0.045723
0.580846 0.539552 -0.041294
0.576482 0.540018 -0.036464
0.573341 0.540574 -0.0327663
0.570723 0.541209 -0.0295134
0.568279 0.54192 -0.0263593
0.56601 0.543996 -0.0220143
0.563916 0.542794 -0.0211217
0.561996 0.544572 -0.0174237
0.559902 0.546485 -0.0134162
0.557109 0.548459 -0.00865045
0.555364 0.550509 -0.00485485
0.553618 0.552578 -0.00103994
0.552571 0.554574 0.0020029
0.551873 0.556662 0.00478864
0.551 0.558801 0.00780064
0.549953 0.560973 0.01102
0.54943 0.563218 0.0137887
0.548208 0.565234 0.0170257
0.547684 0.567443 0.019759
0.547335 0.56969 0.022355
0.546812 0.571922 0.02511
0.546114 0.573129 0.0270155
0.545939 0.598406 0.052467
0.546463 0.59866 0.0521978
0.54751 0.598901 0.0513913
0.548906 0.598416 0.04951
0.550477 0.598579 0.0481022
0.551524 0.598706 0.0471817
0.55292 0.598807 0.0458868
0.55484 0.598878 0.0440383
0.557109 0.598205 0.0410963
0.559727 0.598164 0.0384364
0.563916 0.598059 0.0341429
0.566534 0.597857 0.0313227
0.568803 0.59759 0.0287876
0.570897 0.596347 0.0254498
0.572468 0.595963 0.0234946
0.573864 0.595551 0.0216867
0.575435 0.620213 0.0447775
0.576657 0.617169 0.0405125
0.578053 0.614095 0.0360421
0.578926 0.611003 0.0320773
0.579973 0.606703 0.0267303
0.580497 0.603534 0.0230376
0.58102 0.600367 0.0193472
0.582067 0.597115 0.0150481
0.583289 0.593788 0.0104991
0.584685 0.589305 0.00462007
0.585383 0.585969 0.000585888
0.585732 0.582614 -0.00311845
0.585907 0.579248 -0.00665948
0.586256 0.575819 -0.0104373
0.586431 0.570984 -0.0154466
0.586605 0.567577 -0.0190279
0.586954 0.563455 -0.0234997
0.586605 0.559285 -0.0273204
0.586431 0.555072 -0.0313588
0.585907 0.550812 -0.0350952
0.585034 0.546559 -0.0384758
0.583987 0.539379 -0.0446077
0.583115 0.535181 -0.0479331
0.582067 0.530998 -0.0510689
0.580671 0.526857 -0.0538138
0.578751 0.522653 -0.0560984
0.577006 0.515037 -0.0619686
0.575261 0.510966 -0.0642946
0.573341 0.506885 -0.0664557
0.571072 0.502844 -0.0682279
0.568279 0.493572 -0.0747074
0.565487 0.489519 -0.0759676
0.56252 0.442581 -0.119939
0.557284 0.435936 -0.121348
0.553793 0.429314 -0.124479
0.550302 0.422825 -0.127477
0.546463 0.416505 -0.129957
0.542797 0.407811 -0.134986
0.538783 0.401539 -0.137244
0.533547 0.395273 -0.138274
0.524821 0.38914 -0.13568
0.518014 0.383224 -0.13479
0.511032 0.374946 -0.136086
0.504226 0.369288 -0.134938
0.497244 0.363894 -0.13335
0.490263 0.358582 -0.131681
0.483107 0.353296 -0.129811
0.4763 0.344568 -0.131733
0.466527 0.335691 -0.130836
0.460243 0.327734 -0.13251
0.454135 0.321029 -0.133105
0.44855 0.314514 -0.134036
0.443139 0.308175 -0.134964
0.437903 0.301866 -0.136037
0.432318 0.2945 -0.137818
0.426384 0.288271 -0.138113
0.416785 0.282126 -0.134659
0.409803 0.276346 -0.133457
0.402822 0.270676 -0.132146
0.395492 0.263843 -0.131649
0.388161 0.258501 -0.12966
0.380831 0.253133 -0.127698
0.37385 0.247951 -0.125898
0.364076 0.242948 -0.121128
0.357618 0.23853 -0.119088
0.351335 0.233257 -0.118078
0.345052 0.228053 -0.116998
0.338768 0.220873 -0.117895
0.332485 0.215859 -0.116626
0.326551 0.210923 -0.115628
0.320966 0.206168 -0.114798
0.312414 0.201506 -0.110907
0.306829 0.194749 -0.11208
0.301244 0.190273 -0.110971
0.295484 0.186016 -0.109468
0.289725 0.181885 -0.10784
0.28414 0.17788 -0.10626
0.278555 0.171145 -0.10741
0.272969 0.167278 -0.105691
0.264766 0.163516 -0.101251
0.25953 0.159653 -0.0998775
0.254644 0.154456 -0.100188
0.249582 0.149388 -0.100194
0.244695 0.144482 -0.100213
0.240332 0.139418 -0.100914
0.235619 0.13459 -0.101029
0.228464 0.129864 -0.0985999
0.223926 0.125268 -0.0986579
0.219039 0.120869 -0.0981693
0.214152 0.116305 -0.0978465
0.20944 0.112064 -0.0973756
0.204727 0.10804 -0.0966868
0.199666 0.104005 -0.0956604
0.194779 0.10006 -0.0947187
0.187797 0.0957608 -0.0920366
0.183085 0.0921314 -0.0909536
0.178373 0.0926658 -0.0857068
0.173311 0.0887821 -0.0845291
0.168424 0.0850087 -0.0834156
0.163537 0.0813009 -0.0822364
0.158825 0.0777017 -0.0811233
0.154462 0.0742461 -0.0802155
0.148353 0.0708301 -0.0775229
0.144339 0.0675338 -0.0768049
0.14015 0.064346 -0.0758039
0.135961 0.0612358 -0.0747253
0.131598 0.0575984 -0.0739995
0.127758 0.0547 -0.0730581
0.124442 0.0518726 -0.0725693
0.120951 0.0491359 -0.0718155
0.115541 0.0464338 -0.069107
0.112225 0.0431983 -0.0690264
0.108385 0.0457287 -0.0626563
0.104545 0.0428117 -0.0617336
0.100705 0.0399976 -0.0607079
0.0968658 0.0372706 -0.0595951
0.0932006 0.0346164 -0.0585842
0.0883137 0.0319894 -0.0563242
0.0849975 0.0295582 -0.0554393
0.0820305 0.026249 -0.0557815
0.0794125 0.0238995 -0.055513
0.0767945 0.0216605 -0.055134
0.074351 0.0194197 -0.0549313
0.071733 0.0172239 -0.0545091
0.0689405 0.0141302 -0.0548103
0.0649262 0.0120834 -0.0528429
0.0619592 0.0101396 -0.0518196
0.0588176 0.00825316 -0.0505644
0.0560251 0.0112716 -0.0447534
0.0532325 0.00873519 -0.0444973
0.05044 0.00628999 -0.04415
0.0476475 0.0039478 -0.0436997
0.0450295 0.00164297 -0.0433865
0.0403171 -0.0020107 -0.0423278
0.03735 -0.00422732 -0.0415774
0.0345575 -0.00637465 -0.0409322
0.0319395 -0.00842296 -0.0403625
0.0298451 -0.0103673 -0.0402125
0.0280998 -0.0136967 -0.0417965
0.0260054 -0.0155962 -0.0416016
0.0226893 -0.0175103 -0.0401996
0.0207694 -0.0193466 -0.040116
0.018326 -0.0226563 -0.0409823
0.016057 -0.0243883 -0.0404454
0.0137881 -0.0214504 -0.0352385
0.0115192 -0.0240793 -0.0355985
0.00925025 -0.0285166 -0.0377669
0.00733038 -0.0311277 -0.038458
0.00488692 -0.0337089 -0.0385958
0.00314159 -0.0361929 -0.0393345
0.0015708 -0.0386912 -0.040262
0 -0.0429432 -0.0429432
-0.00191986 -0.045332 -0.0434122
-0.00418879 -0.0477298 -0.043541
-0.00680678 -0.0500752 -0.0432684
-0.00959931 -0.0543698 -0.0447705
-0.0137881 -0.0566625 -0.0428744
-0.0164061 -0.0588094 -0.0424033
-0.0190241 -0.0608962 -0.0418721
-0.0214675 -0.062945 -0.0414775
-0.023911 -0.050647 -0.026736
-0.0261799 -0.0555988 -0.0294189
-0.0286234 -0.0605643 -0.0319409
-0.0312414 -0.0654848 -0.0342435
-0.0354302 -0.0703559 -0.0349257
-0.0380482 -0.0751418 -0.0370937
-0.0403171 -0.0798256 -0.0395085
-0.0424115 -0.0844409 -0.0420294
-0.0443314 -0.0873224 -0.042991
-0.0464258 -0.0920066 -0.0455808
-0.0486947 -0.0965999 -0.0479052
-0.0518363 -0.103979 -0.0521425
-0.0535816 -0.108451 -0.0548697
-0.0553269 -0.112866 -0.0575391
-0.0572468 -0.117271 -0.0600246
-0.0589921 -0.121591 -0.0625986
-0.0607375 -0.117512 -0.056775
-0.0624828 -0.123792 -0.0613096
-0.0640536 -0.129916 -0.0658626
-0.0670206 -0.136057 -0.0690366
-0.0692896 -0.142185 -0.0728951
-0.0722566 -0.148279 -0.0760221
-0.0753982 -0.154357 -0.0789586
-0.0781908 -0.163532 -0.0853412
-0.0809833 -0.169479 -0.0884953
-0.0841249 -0.175378 -0.0912529
-0.0870919 -0.181319 -0.0942269
-0.0921534 -0.187239 -0.0950853
-0.095644 -0.1961 -0.100456
-0.0989602 -0.201827 -0.102867
-0.102625 -0.207428 -0.104803
-0.106814 -0.212836 -0.106022
-0.111177 -0.21614 -0.104963
-0.116064 -0.223467 -0.107402
-0.123744 -0.230718 -0.106975
-0.128456 -0.241311 -0.112855
-0.133343 -0.248423 -0.11508
-0.13823 -0.255298 -0.117068
-0.142768 -0.262209 -0.119441
-0.147655 -0.269122 -0.121467
-0.152542 -0.279192 -0.12665
-0.157603 -0.285966 -0.128363
-0.165806 -0.292612 -0.126805
-0.171217 -0.298989 -0.127773
-0.176627 -0.305375 -0.128748
-0.182212 -0.315311 -0.133099
-0.187797 -0.321495 -0.133698
-0.193557 -0.327607 -0.13405
-0.199491 -0.331468 -0.131977
-0.2056 -0.339292 -0.133692
-0.214501 -0.347067 -0.132566
-0.220784 -0.357666 -0.136882
-0.227591 -0.365207 -0.137616
-0.234398 -0.372719 -0.138321
-0.24103 -0.379905 -0.138875
-0.247662 -0.38706 -0.139398
-0.25412 -0.397541 -0.143422
-0.264068 -0.404575 -0.140507
-0.270875 -0.411458 -0.140583
-0.277856 -0.418137 -0.140281
-0.285012 -0.424684 -0.139672
-0.291994 -0.431204 -0.139211
-0.299149 -0.442557 -0.143408
-0.30648 -0.44873 -0.14225
-0.313636 -0.463719 -0.150083
-0.324108 -0.471571 -0.147463
-0.331263 -0.479019 -0.147756
-0.338419 -0.486389 -0.147969
-0.345401 -0.496266 -0.150866
-0.352033 -0.503402 -0.151369
-0.35884 -0.510623 -0.151783
-0.365821 -0.517599 -0.151778
-0.372802 -0.532121 -0.159319
-0.3831 -0.542405 -0.159305
-0.390081 -0.548918 -0.158837
-0.397237 -0.555296 -0.158059
-0.404044 -0.561605 -0.157561
-0.4112 -0.567533 -0.156334
-0.41853 -0.578215 -0.159685
-0.426035 -0.584261 -0.158226
-0.437903 -0.616091 -0.178188
-0.445757 -0.622737 -0.17698
-0.453611 -0.629302 -0.175691
-0.461291 -0.635636 -0.174346
-0.468621 -0.641816 -0.173195
-0.475777 -0.647813 -0.172036
-0.483631 -0.653665 -0.170034
-0.492008 -0.659388 -0.16738
-0.505273 -0.664936 -0.159664
-0.514523 -0.671165 -0.156642
-0.523599 -0.676315 -0.152716
-0.532674 -0.68127 -0.148595
-0.541401 -0.685947 -0.144546
-0.549779 -0.690489 -0.14071
-0.557458 -0.695864 -0.138406
-0.564789 -0.700079 -0.135291
-0.575784 -0.697295 -0.121511
-0.583464 -0.701934 -0.11847
-0.590794 -0.706483 -0.115689
-0.597775 -0.710848 -0.113073
-0.604757 -0.714989 -0.110232
-0.61104 -0.719025 -0.107985
-0.616974 -0.722311 -0.105337
-0.622733 -0.726023 -0.10329
-0.631286 -0.729733 -0.0984472
-0.636696 -0.733288 -0.0965916
-0.642107 -0.7367 -0.0945937
-0.646994 -0.739262 -0.0922689
-0.65188 -0.742356 -0.0904753
-0.656593 -0.74534 -0.0887469
-0.661131 -0.74825 -0.0871198
-0.667588 -0.751105 -0.0835166
-0.671777 -0.74651 -0.0747324
-0.675791 -0.747936 -0.0721447
-0.67998 -0.749289 -0.0693087
-0.684693 -0.750555 -0.065862
-0.68958 -0.75176 -0.06218
-0.694467 -0.752844 -0.0583772
-0.699353 -0.753808 -0.0544548
-0.722741 -0.755672 -0.0329314
-0.726406 -0.755948 -0.0295419
-0.729548 -0.756138 -0.0265904
-0.73234 -0.755178 -0.0228383
-0.736005 -0.755212 -0.0192069
-0.7381 -0.787486 -0.0493867
-0.792729 -0.753139 0.0395892
-0.795172 -0.750922 0.0442505
-0.804597 -0.738949 0.0656475
-0.807738 -0.736445 0.0712931
-0.81088 -0.733826 0.0770538
-0.815418 -0.731178 0.0842395
-0.818734 -0.728442 0.0902917
-0.82205 -0.721623 0.100427
-0.825192 -0.741043 0.0841483
-0.827461 -0.73484 0.0926209
-0.827286 -0.728748 0.0985381
-0.824494 -0.722575 0.101918
-0.82013 -0.715802 0.104328
-0.808786 -0.7037 0.105086
-0.800059 -0.692122 0.107937
-0.79587 -0.68586 0.11001
-0.791681 -0.683186 0.108496
-0.768119 -0.654861 0.113258
-0.763058 -0.649457 0.113601
-0.75852 -0.64168 0.11684
-0.754157 -0.636564 0.117592
-0.74927 -0.631477 0.117793
-0.744208 -0.626347 0.117862
-0.736878 -0.621324 0.115554
-0.732166 -0.614052 0.118113
-0.727802 -0.609366 0.118436
-0.723439 -0.604823 0.118616
-0.719076 -0.600474 0.118602
-0.714712 -0.596137 0.118575
-0.71 -0.588957 0.121043
-0.702844 -0.584652 0.118192
-0.697957 -0.58062 0.117337
-0.692721 -0.58139 0.111331
-0.682598 -0.569141 0.113458
-0.677537 -0.563134 0.114403
-0.667065 -0.548647 0.118418
-0.658862 -0.54254 0.116322
-0.651706 -0.536343 0.115362
-0.644376 -0.530081 0.114295
-0.637743 -0.520177 0.117566
-0.631635 -0.514356 0.117278
-0.62605 -0.508375 0.117675
-0.616101 -0.498109 0.117992
-0.612262 -0.490726 0.121536
-0.611563 -0.481369 0.130194
-0.611214 -0.521888 0.0893262
-0.609993 -0.513923 0.0960697
-0.608771 -0.505951 0.102819
-0.607549 -0.495293 0.112256
-0.602837 -0.487955 0.114881
-0.599172 -0.473832 0.125339
-0.599695 -0.46643 0.133266
-0.598997 -0.449516 0.149481
-0.599521 -0.442282 0.157239
-0.600219 -0.434934 0.165285
-0.600219 -0.427258 0.172961
-0.600742 -0.419646 0.181097
-0.602313 -0.417876 0.184437
-0.600044 -0.399183 0.200861
-0.595506 -0.390022 0.205484
-0.581195 -0.371788 0.209407
-0.56985 -0.360464 0.209386
-0.561996 -0.351313 0.210683
-0.553618 -0.342375 0.211243
-0.545415 -0.333507 0.211908
-0.536689 -0.324964 0.211724
-0.527438 -0.316304 0.211134
-0.518014 -0.305487 0.212527
-0.504749 -0.296606 0.208143
-0.497244 -0.288163 0.209081
-0.48398 -0.272434 0.211545
-0.476475 -0.243816 0.232659
-0.468621 -0.236176 0.232445
-0.459894 -0.228638 0.231256
-0.435634 -0.210984 0.22465
-0.415388 -0.197657 0.217732
-0.393397 -0.184997 0.2084
-0.382925 -0.176724 0.206201
0.0614356 -0.330877 -0.392313
0.0619592 -0.330877 -0.392836
0.0623083 -0.330877 -0.393185
0.0623083 -0.330877 -0.393185
0.0623083 -0.330877 -0.393185
0.0621337 -0.325238 -0.387372
0.0619592 -0.327016 -0.388975
0.0617847 -0.32875 -0.390534
0.0614356 -0.330465 -0.391901
0.0602139 -0.332055 -0.392269
0.0532325 -0.333456 -0.386688
0.0464258 -0.334596 -0.381022
0.0392699 -0.328123 -0.367392
0.0312414 -0.329489 -0.36073
0.0204204 -0.330686 -0.351107
0.00593412 -0.0707479 -0.0766821
-0.0118682 -0.0699508 -0.0580825
-0.031765 -0.0688479 -0.0370829
-0.0610865 -0.0670579 -0.00597135
-0.0792379 -0.0646456 0.0145924
-0.0945968 -0.0620154 0.0325815
-0.105243 -0.0591641 0.0460793
-0.110305 -0.0561727 0.0541321
-0.111003 -0.049867 0.061136
-0.110654 -0.0469439 0.06371
-0.110828 -0.0438792 0.0669492
-0.110828 -0.0406424 0.070186
-0.109083 -0.0374871 0.0715959
-0.10664 -0.0345079 0.0721317
-0.104371 -0.0302281 0.0741426
-0.102276 -0.0272663 0.07501
-0.0998328 -0.0211744 0.0786584
-0.0966912 -0.0163412 0.08035
-0.0933751 -0.0116195 0.0817556
-0.0877901 -0.00691491 0.0808752
-0.0841249 -0.00233187 0.081793
-0.0801106 0.00216329 0.0822739
-0.0760964 0.00674958 0.0828459
-0.0726057 0.0112401 0.0838458
-0.069115 0.020597 0.089712
-0.0659734 0.024799 0.0907724
-0.0621337 0.0290373 0.091171
-0.0593412 0.0332115 0.0925527
-0.0558505 0.0372838 0.0931343
-0.0523599 0.0414367 0.0937966
-0.0490438 0.0455022 0.094546
-0.0462512 0.0516567 0.0979079
-0.0434587 -0.000756761 0.0427019
-0.0403171 0.0030352 0.0433523
-0.0347321 0.00690833 0.0416404
-0.0307178 0.0108134 0.0415312
-0.0261799 0.014548 0.0407279
-0.0218166 0.0181796 0.0399962
-0.0181514 0.0217361 0.0398876
-0.0162316 0.0252298 0.0414613
-0.0150098 0.0287155 0.0437253
-0.0136136 0.032252 0.0458656
-0.010821 0.0358353 0.0466564
-0.00925025 0.0393002 0.0485504
-0.00802851 0.0426934 0.050722
-0.00663225 0.0460445 0.0526767
-0.00541052 0.0493726 0.0547831
-0.00418879 0.0550972 0.059286
-0.00296706 0.0434716 0.0464387
-0.000523599 0.0481523 0.0486759
0.00139626 0.0527987 0.0514024
0.00314159 0.0574505 0.0543089
0.00523599 0.0620795 0.0568435
0.00767945 0.0666485 0.0589691
0.0102974 0.0712119 0.0609144
0.0125664 0.0757354 0.0631691
0.0143117 0.108872 0.0945599
0.0176278 0.113779 0.0961511
0.0202458 0.118633 0.098387
0.0223402 0.123477 0.101137
0.0246091 0.128133 0.103524
0.0274017 0.135317 0.107915
0.0307178 0.139911 0.109193
0.034383 0.130293 0.0959101
0.0387463 0.13628 0.0975339
0.0457276 0.142249 0.0965216
0.0502655 0.148152 0.0978868
0.0549779 0.153914 0.0989366
0.0596903 0.159533 0.0998429
0.0644026 0.165009 0.100606
0.0685914 0.170565 0.101974
0.0724312 0.17617 0.103739
0.0781908 0.181682 0.103492
0.0820305 0.186995 0.104965
0.0862193 0.19218 0.105961
0.0902335 0.197406 0.107173
0.0944223 0.205498 0.111075
0.0986111 0.210648 0.112036
0.103149 0.215799 0.11265
0.107338 0.209964 0.102626
0.113446 0.216428 0.102981
0.11781 0.222768 0.104958
0.122697 0.228971 0.106275
0.127758 0.235361 0.107603
0.13282 0.241559 0.10874
0.137706 0.247688 0.109981
0.142593 0.253628 0.111035
0.147131 0.259621 0.112489
0.153764 0.265785 0.112021
0.158301 0.271651 0.113349
0.163014 0.280248 0.117234
0.167552 0.286027 0.118476
0.172264 0.291663 0.119399
0.176976 0.29719 0.120214
0.182038 0.302646 0.120608
0.190066 0.26142 0.071354
0.194953 0.268086 0.0731327
0.199666 0.274699 0.0750334
0.204553 0.281175 0.0766222
0.209963 0.28768 0.0777172
0.215374 0.294204 0.0788304
0.219737 0.300618 0.0808808
0.222879 0.306938 0.0840599
0.227416 0.316247 0.0888305
0.230034 0.322612 0.0925771
0.233001 0.328952 0.0959501
0.236318 0.335219 0.0989016
0.239983 0.341246 0.101263
0.243997 0.347468 0.103471
0.247837 0.356619 0.108782
0.252026 0.36263 0.110604
0.258832 0.370101 0.111269
0.263545 0.377163 0.113618
0.268083 0.384175 0.116092
0.272795 0.391048 0.118253
0.277856 0.397915 0.120058
0.283267 0.406834 0.123567
0.288328 0.413608 0.125279
0.29339 0.420407 0.127017
0.301593 0.427143 0.12555
0.307352 0.433671 0.126318
0.312938 0.440204 0.127267
0.318523 0.448595 0.130073
0.324457 0.454755 0.130298
0.33074 0.460952 0.130212
0.336849 0.467218 0.130369
0.345924 0.473429 0.127505
0.352033 0.535156 0.183123
0.357967 0.54069 0.182723
0.363727 0.546119 0.182392
0.369312 0.551237 0.181925
0.374897 0.556123 0.181226
0.380831 0.561112 0.180281
0.387114 0.566059 0.178945
0.397586 0.570783 0.173197
0.404742 0.575394 0.170652
0.412247 0.579754 0.167507
0.420101 0.584035 0.163934
0.428304 0.588172 0.159868
0.436681 0.593908 0.157226
0.445408 0.597794 0.152386
0.454135 0.601542 0.147407
0.466701 0.594856 0.128155
0.474555 0.599265 0.12471
0.482234 0.603558 0.121324
0.48939 0.607791 0.118401
0.496372 0.611836 0.115464
0.502829 0.615775 0.112946
0.508589 0.619617 0.111028
0.516967 0.623349 0.106382
0.522377 0.626873 0.104496
0.527613 0.630317 0.102704
0.532849 0.633704 0.100855
0.538085 0.637294 0.0992088
0.543496 0.640464 0.0969685
0.548208 0.643588 0.0953802
0.552571 0.6466 0.0940284
0.558854 0.649525 0.0906707
0.562869 0.652727 0.0898585
0.567057 0.655508 0.0884505
0.571595 0.658171 0.0865752
0.576133 0.660678 0.0845444
0.58102 0.663112 0.0820914
0.585907 0.665449 0.0795421
0.590096 0.668043 0.0779468
0.595681 0.670249 0.0745679
0.599521 0.655578 0.0560578
0.602837 0.65724 0.0544037
0.606153 0.658847 0.0526939
0.609644 0.660192 0.0505484
0.614007 0.661704 0.0476976
0.618021 0.663136 0.0451146
0.623083 0.664492 0.0414093
0.626224 0.665719 0.0394951
0.628842 0.683026 0.0541836
0.631286 0.682872 0.0515867
0.633555 0.682673 0.0491182
0.636173 0.682428 0.0462559
0.638791 0.682122 0.0433312
0.641059 0.681633 0.0405741
0.644725 0.681227 0.0365024
0.647692 0.68076 0.0330681
0.650659 0.680213 0.0295542
0.652928 0.679605 0.0266768
0.654848 0.678706 0.023858
0.657291 0.678 0.0207094
0.65956 0.677244 0.0176841
0.661131 0.67645 0.0153193
0.6634 0.675608 0.0122086
0.665145 0.674713 0.00956826
0.666367 0.693405 0.027038
0.667065 0.690781 0.0237159
0.667588 0.688124 0.0205358
0.667938 0.685372 0.0174348
0.667588 0.682018 0.0144293
0.667065 0.679249 0.0121839
0.667588 0.676522 0.00893319
0.668636 0.634567 -0.0340683
0.669508 0.630993 -0.0385154
0.67073 0.627794 -0.0429364
0.671603 0.624625 -0.0469776
0.672301 0.621495 -0.0508056
0.672999 0.618369 -0.0546299
0.674046 0.615089 -0.0589576
0.673697 0.611222 -0.0624748
0.672475 0.651384 -0.0210918
0.671428 0.648211 -0.0232173
0.670555 0.642556 -0.0279993
0.669334 0.639424 -0.0299097
0.667414 0.636237 -0.0311771
0.66532 0.632972 -0.0323476
0.662876 0.629806 -0.0330703
0.662352 0.624243 -0.0381092
0.661829 0.577695 -0.0841339
0.660956 0.574332 -0.0866244
0.659734 0.571125 -0.0886095
0.658338 0.567941 -0.0903967
0.657291 0.562361 -0.0949299
0.65572 0.559176 -0.0965443
0.652055 0.555923 -0.0961315
0.648564 0.552747 -0.0958178
0.64455 0.553818 -0.0907325
0.640885 0.548903 -0.0919819
0.637743 0.544173 -0.0935699
0.634078 0.539317 -0.0947613
0.629366 0.534496 -0.0948695
0.622035 0.527523 -0.0945128
0.617148 0.52283 -0.0943187
0.612785 0.518314 -0.0944713
0.608945 0.555111 -0.0538341
0.60528 0.550755 -0.0545255
0.60144 0.543695 -0.0577458
0.597426 0.539366 -0.0580602
0.593761 0.535032 -0.0587287
0.588525 0.530715 -0.0578098
0.585034 0.526601 -0.0584332
0.582416 0.519471 -0.0629456
0.580497 0.520816 -0.05968
0.578228 0.514644 -0.0635833
0.576133 0.508416 -0.0677167
0.574388 0.502093 -0.0722951
0.572643 0.495858 -0.0767846
0.569152 0.489599 -0.0795532
0.566708 0.480938 -0.0857702
0.564439 0.474747 -0.0896921
0.561472 0.435971 -0.125501
0.558505 0.43064 -0.127865
0.555538 0.425197 -0.130341
0.552222 0.419936 -0.132286
0.54751 0.413414 -0.134096
0.544194 0.408335 -0.135859
0.540179 0.403284 -0.136895
0.535118 0.398246 -0.136872
0.529358 0.395997 -0.133361
0.52325 0.390407 -0.132843
0.516967 0.38503 -0.131937
0.511207 0.379701 -0.131506
0.501957 0.371607 -0.130349
0.494801 0.366567 -0.128233
0.488169 0.36157 -0.126599
0.481536 0.356699 -0.124837
0.475079 0.352073 -0.123006
0.46897 0.347484 -0.121486
0.463036 0.340076 -0.12296
0.457276 0.33569 -0.121586
0.44855 0.331364 -0.117186
0.442965 0.327236 -0.115728
0.436856 0.323219 -0.113637
0.431096 0.328606 -0.102491
0.425337 0.322407 -0.10293
0.419752 0.316186 -0.103566
0.41469 0.310056 -0.104635
0.407185 0.30386 -0.103325
0.402298 0.29787 -0.104428
0.397935 0.29207 -0.105865
0.393921 0.284346 -0.109575
0.389557 0.243657 -0.145901
0.384845 0.23878 -0.146065
0.379958 0.233814 -0.146144
0.375246 0.229091 -0.146155
0.367741 0.224488 -0.143253
0.362679 0.218999 -0.14368
0.35692 0.214538 -0.142382
0.349939 0.210245 -0.139693
0.342434 0.212203 -0.130231
0.335452 0.207406 -0.128046
0.328995 0.202778 -0.126217
0.323235 0.198305 -0.12493
0.315556 0.193974 -0.121582
0.31032 0.187881 -0.122438
0.305084 0.183819 -0.121265
0.300197 0.179836 -0.120361
0.294786 -0.110917 -0.405703
0.288852 -0.116322 -0.405174
0.282743 -0.121837 -0.40458
0.273319 -0.126831 -0.40015
0.266861 -0.131018 -0.397879
0.260927 -0.135643 -0.396569
0.253422 -0.140317 -0.393738
0.240855 -0.144822 -0.385677
0.223402 0.166142 -0.0572601
0.204727 0.162628 -0.0420994
0.187099 0.159379 -0.0277201
0.161792 0.155779 -0.00601324
0.143292 0.152816 0.00952444
0.123744 0.150507 0.0267631
0.107163 0.148568 0.0414043
0.0968658 0.147085 0.0502187
0.0919789 0.145623 0.0536437
0.0891863 0.144333 0.0551465
0.0872665 0.143056 0.0557896
0.0884882 0.141784 0.053296
0.0918043 0.140544 0.0487396
0.0958186 0.139241 0.0434223
0.0989602 0.137771 0.0388107
0.101229 0.137299 0.0360703
0.103673 0.135648 0.0319758
0.106116 0.133905 0.0277888
0.108559 0.132109 0.0235493
0.111527 0.130205 0.0186788
0.113446 0.128248 0.0148015
0.115366 0.12626 0.0108933
0.117112 0.124253 0.00714122
0.118682 0.12193 0.00324796
0.119904 0.119784 -0.000120122
0.120777 0.117635 -0.00314187
0.1213 0.115453 -0.005847
0.121126 0.113272 -0.00785365
0.120777 0.11088 -0.00989723
0.120602 0.108715 -0.0118872
0.120253 0.106516 -0.0137377
0.119381 0.102327 -0.0170539
0.118508 0.0997583 -0.0187496
0.117984 0.0972074 -0.0207768
0.116588 0.0946368 -0.0219512
0.115366 0.0921542 -0.0232121
0.114145 0.0896237 -0.0245208
0.112748 0.0865633 -0.026185
0.111352 0.0841479 -0.0272042
0.110479 0.0821311 -0.0283482
0.109607 0.0797221 -0.0298846
0.108385 0.0773174 -0.0310675
0.106465 0.07439 -0.0320751
0.105418 0.0720412 -0.0333767
0.104371 0.0697547 -0.0346159
0.103149 0.06753 -0.035619
0.102276 0.0653568 -0.0369195
0.10088 0.0772027 -0.0236774
0.0991347 0.0750974 -0.0240373
0.0968658 0.0730058 -0.0238599
0.095295 0.0709524 -0.0243426
0.0937242 0.0683495 -0.0253747
0.0925025 0.0664081 -0.0260943
0.0916298 0.0644928 -0.027137
0.0905826 0.0626071 -0.0279755
0.0895354 0.0308504 -0.058685
0.0886627 0.0272588 -0.0614039
0.0865683 0.0245493 -0.062019
0.084823 0.0219155 -0.0629075
0.0832522 0.0192721 -0.0639801
0.0811578 0.0166773 -0.0644805
0.0785398 0.0132753 -0.0652645
0.0755728 0.0107906 -0.0647822
0.0722566 0.0482799 -0.0239767
0.068766 0.046341 -0.0224249
0.0638791 0.0435085 -0.0203705
0.0605629 0.0416536 -0.0189094
0.0568977 0.0398821 -0.0170156
0.0534071 0.0381816 -0.0152254
0.0507891 0.0365585 -0.0142306
0.0493928 0.0340492 -0.0153436
0.0486947 0.0325388 -0.0161559
0.0479966 0.0309905 -0.017006
0.047473 0.029475 -0.0179979
0.0466003 0.0279969 -0.0186034
0.0455531 0.0254644 -0.0200887
0.0446804 0.0240053 -0.0206751
0.0438078 0.0225903 -0.0212174
0.0431096 0.0238557 -0.019254
0.0424115 0.0204083 -0.0220032
0.0413643 0.0182567 -0.0231076
0.0408407 0.0161275 -0.0247132
0.0403171 0.0139849 -0.0263322
0.0394444 0.0118896 -0.0275548
0.0385718 0.00853813 -0.0300336
0.0375246 0.00642758 -0.031097
0.0361283 -0.0589381 -0.0950664
0.0345575 -0.0621064 -0.0966639
0.0324631 -0.0653341 -0.0977972
0.0307178 -0.0700006 -0.100718
0.0287979 -0.0730339 -0.101832
0.0268781 -0.0760633 -0.102941
0.023911 -0.079123 -0.103034
0.0198968 -0.082101 -0.101998
0.015708 -0.0693866 -0.0850945
0.00994838 -0.0735782 -0.0835266
0.00610865 -0.0775083 -0.0836169
0.0015708 -0.0813859 -0.0829567
-0.00349066 -0.0852183 -0.0817276
-0.00942478 -0.0890138 -0.079589
-0.0151844 -0.092728 -0.0775436
-0.0200713 -0.096299 -0.0762277
-0.0246091 -0.0912224 -0.0666133
-0.0310669 -0.0937682 -0.0627013
-0.0349066 -0.0961744 -0.0612679
-0.0387463 -0.0985115 -0.0597652
-0.042586 -0.101915 -0.0593294
-0.0460767 -0.104098 -0.0580213
-0.0497419 -0.106193 -0.0564509
-0.053058 -0.108197 -0.0551387
-0.0560251 -0.064653 -0.00862792
-0.0603884 -0.0673288 -0.00694045
-0.0633555 -0.0698217 -0.00646621
-0.0657989 -0.0723081 -0.00650922
-0.0678933 -0.0747694 -0.00687611
-0.0696386 -0.0771035 -0.00746488
-0.071384 -0.0794276 -0.0080436
-0.0722566 -0.0817538 -0.00949716
-0.0729548 -0.0786951 -0.00574036
-0.0736529 -0.0813887 -0.00773577
-0.0741765 -0.0829452 -0.00876869
-0.0752237 -0.0844727 -0.00924901
-0.0764454 -0.0859514 -0.00950595
-0.0774926 -0.0874292 -0.00993657
-0.0787143 -0.090086 -0.0113717
-0.0799361 -0.0915483 -0.0116122
-0.0811578 -0.0862103 -0.0050525
-0.0820305 -0.0885521 -0.0065216
-0.0829031 -0.0908492 -0.00794603
-0.0837758 -0.093128 -0.0093522
-0.0846485 -0.0954402 -0.0107917
-0.0855211 -0.0977336 -0.0122125
-0.0862193 -0.101204 -0.0149846
-0.0863938 -0.10344 -0.0170464
-0.0867429 -0.105661 -0.0189179
-0.0870919 -0.107849 -0.0207571
-0.0876155 -0.110094 -0.0224783
-0.0884882 -0.113565 -0.0250765
-0.0895354 -0.115782 -0.0262465
-0.0907571 -0.117964 -0.027207
-0.0919789 -0.120108 -0.0281288
-0.0940732 -0.122262 -0.0281885
-0.0954695 -0.205526 -0.110057
-0.0968658 -0.211564 -0.114698
-0.0984366 -0.217481 -0.119045
-0.0994838 -0.225152 -0.125669
-0.100531 -0.230737 -0.130206
-0.102276 -0.236411 -0.134134
-0.104545 -0.242293 -0.137748
-0.11013 -0.248237 -0.138107
-0.115366 -0.255681 -0.140314
-0.1213 -0.261058 -0.139758
-0.127758 -0.266322 -0.138564
-0.134739 -0.27146 -0.136721
-0.14207 -0.276673 -0.134603
-0.1494 -0.283785 -0.134385
-0.156382 -0.288566 -0.132184
-0.165632 -0.29315 -0.127518
-0.17174 -0.213608 -0.0418677
-0.178373 -0.217435 -0.0390628
-0.185179 -0.221259 -0.0360798
-0.191637 -0.225044 -0.0334072
-0.197746 -0.228588 -0.0308417
-0.202633 -0.233261 -0.0306287
-0.206123 -0.236523 -0.0303995
-0.209265 -0.239787 -0.0305221
-0.210312 -0.24304 -0.0327277
-0.211534 -0.246344 -0.0348104
-0.21293 -0.25102 -0.0380895
-0.213628 -0.254157 -0.0405283
-0.214152 -0.25728 -0.0431284
-0.215199 -0.260359 -0.0451596
-0.217817 -0.263452 -0.0456348
-0.219562 -0.268593 -0.0490304
-0.221308 -0.273543 -0.052235
-0.223402 -0.27843 -0.0550281
-0.225846 -0.282492 -0.056646
-0.228289 -0.28655 -0.0582609
-0.231431 -0.290468 -0.0590375
-0.234572 -0.294323 -0.0597503
-0.23911 -0.299082 -0.0599724
-0.242426 -0.302734 -0.0603081
-0.245568 -0.306466 -0.0608986
-0.248709 -0.310194 -0.0614846
-0.2522 -0.313752 -0.061552
-0.255691 -0.319229 -0.0635386
-0.259007 -0.322664 -0.0636568
-0.262498 -0.325989 -0.0634915
-0.268257 -0.329298 -0.0610405
-0.272446 -0.309466 -0.0370202
-0.276286 -0.315322 -0.0390359
-0.279776 -0.321049 -0.0412731
-0.283092 -0.326822 -0.0437296
-0.286583 -0.33264 -0.0460573
-0.289725 -0.338304 -0.0485792
-0.293564 -0.344013 -0.0504486
-0.295659 -0.349528 -0.0538696
-0.297404 -0.355013 -0.057609
-0.299324 -0.360474 -0.0611501
-0.301418 -0.368535 -0.0671165
-0.303687 -0.374022 -0.0703352
-0.305782 -0.379598 -0.0738168
-0.308051 -0.385079 -0.077028
-0.312065 -0.390459 -0.0783945
-0.314857 -0.398418 -0.0835602
-0.317999 -0.388225 -0.0702261
-0.321839 -0.394964 -0.0731257
-0.325678 -0.401613 -0.0759348
-0.329518 -0.408324 -0.0788062
-0.333881 -0.414866 -0.0809848
-0.338594 -0.421418 -0.0828237
-0.345226 -0.430123 -0.0848968
-0.349764 -0.436489 -0.0867251
-0.354127 -0.442745 -0.0886176
-0.358316 -0.449037 -0.0907213
-0.362505 -0.455117 -0.0926126
-0.367043 -0.463222 -0.0961793
-0.371581 -0.469371 -0.09779
-0.379086 -0.475404 -0.0963182
-0.383972 -0.481159 -0.0971861
-0.388859 -0.486891 -0.0980317
-0.393572 -0.482375 -0.0888037
-0.398284 -0.490019 -0.0917349
-0.402822 -0.496723 -0.0939006
-0.407709 -0.503279 -0.0955702
-0.412596 -0.509757 -0.097161
-0.419228 -0.516341 -0.0971128
-0.42394 -0.522659 -0.0987184
-0.428478 -0.529983 -0.101504
-0.432667 -0.536236 -0.103569
-0.43738 -0.542311 -0.104932
-0.442266 -0.548268 -0.106002
-0.446804 -0.554207 -0.107403
-0.451342 -0.560064 -0.108722
-0.458673 -0.566874 -0.108201
-0.463734 -0.572625 -0.108891
-0.468795 -0.578214 -0.109419
-0.474031 -0.603382 -0.129351
-0.479442 -0.608414 -0.128972
-0.485202 -0.613452 -0.12825
-0.491136 -0.618285 -0.12715
-0.500037 -0.623051 -0.123014
-0.505971 -0.628556 -0.122585
-0.51208 -0.632978 -0.120898
-0.518188 -0.637322 -0.119134
-0.524471 -0.641391 -0.116919
-0.530929 -0.645353 -0.114424
-0.537212 -0.649271 -0.112059
-0.543321 -0.654045 -0.110724
-0.55292 -0.657697 -0.104776
-0.558854 -0.661202 -0.102348
-0.564265 -0.664559 -0.100294
-0.569501 -0.667798 -0.0982968
-0.574388 -0.659061 -0.0846727
-0.579449 -0.662948 -0.0834989
-0.584511 -0.666478 -0.0819675
-0.589747 -0.670255 -0.0805081
-0.598473 -0.673959 -0.0754855
-0.604058 -0.67739 -0.073332
-0.60912 -0.680682 -0.0715621
-0.613658 -0.683579 -0.069921
-0.617847 -0.686622 -0.0687754
-0.621686 -0.689696 -0.0680094
-0.625701 -0.692684 -0.0669831
-0.631286 -0.695533 -0.0642477
-0.634602 -0.698229 -0.0636268
-0.638267 -0.700574 -0.0623071
-0.642281 -0.703067 -0.0607862
-0.646121 -0.705573 -0.0594519
-0.649961 -0.711901 -0.0619406
-0.653975 -0.713897 -0.0599217
-0.657466 -0.715802 -0.0583365
-0.662352 -0.717629 -0.055277
-0.665843 -0.719318 -0.053475
-0.669508 -0.720685 -0.051177
-0.672999 -0.722289 -0.0492902
-0.676664 -0.723745 -0.047081
-0.680155 -0.725136 -0.0449807
-0.683122 -0.726448 -0.0433257
-0.686263 -0.727396 -0.041133
-0.690801 -0.728585 -0.0377834
-0.693768 -0.729669 -0.0359008
-0.69691 -0.730691 -0.0337814
-0.699528 -0.73162 -0.0320924
-0.701971 -0.732188 -0.0302167
-0.70424 -0.699928 0.00431201
-0.70616 -0.699017 0.00714284
-0.708778 -0.698031 0.0107474
-0.710698 -0.696978 0.0137199
-0.712618 -0.695881 0.0167368
-0.714189 -0.694752 0.0194364
-0.715585 -0.693574 0.0220106
-0.716283 -0.691932 0.0243511
-0.716283 -0.690716 0.0255674
-0.715934 -0.689472 0.0264621
-0.715585 -0.688236 0.0273488
-0.715236 -0.687035 0.0282005
-0.714712 -0.685396 0.0293163
-0.714363 -0.684211 0.0301518
-0.714014 -0.683021 0.0309928
-0.713665 -0.681826 0.031839
-0.713142 -0.739723 -0.0265812
-0.712618 -0.73901 -0.0263916
-0.711222 -0.7383 -0.0270787
-0.710349 -0.737619 -0.0272703
-0.709302 -0.736962 -0.0276602
-0.70808 -0.736329 -0.0282486
-0.707906 -0.735737 -0.0278313
-0.709302 -0.735152 -0.0258504
-0.711396 -0.734519 -0.0231226
-0.714014 -0.733818 -0.0198041
-0.717505 -0.732716 -0.0152107
-0.719076 -0.731886 -0.0128103
-0.720821 -0.73103 -0.0102088
-0.722566 -0.730129 -0.00756261
-0.724137 -0.728854 -0.00471731
-0.725533 -0.72787 -0.00233662
-0.727279 -0.607581 0.119698
-0.729548 -0.608913 0.120634
-0.730944 -0.61018 0.120764
-0.732166 -0.611369 0.120797
-0.733213 -0.612485 0.120728
-0.733562 -0.613605 0.119956
-0.733387 -0.614758 0.11863
-0.731118 -0.615908 0.115211
-0.726232 -0.617054 0.109177
-0.718203 -0.618312 0.0998912
-0.713665 -0.619749 0.0939163
-0.709302 -0.62131 0.0879916
-0.705113 -0.622977 0.0821362
-0.700924 -0.624706 0.0762182
-0.696561 -0.626505 0.0700558
-0.692198 -0.628442 0.0637552
-0.580671 2.78256 -2.91996
-0.580671 2.78256 -2.91996
-0.580671 2.78256 -2.91996
-0.580671 2.78256 -2.91996
-0.580671 2.78256 -2.91996
-0.580671 2.78256 -2.91996
-0.580671 2.78256 -2.91996
-0.580671 2.78256 -2.91996
-0.580671 2.78256 -2.91995
-0.580671 2.78255 -2.91996
-0.581369 2.78253 -2.91928
-0.588176 2.78252 -2.91249
-0.604931 2.78249 -2.89576
-0.64455 2.78245 -2.85619
-0.679457 2.78239 -2.82133
-0.722392 2.78239 -2.7784
-0.774577 2.78245 -2.72616
-0.836536 2.78252 -2.66413
-0.906873 2.78252 -2.59379
-0.983668 2.78244 -2.51707
-1.06552 2.7821 -2.43556
-1.19485 2.78164 -2.3067
-1.37584 2.77996 -2.12738
-1.46852 2.77794 -2.03673
-1.56207 2.77593 -1.94519
-1.65614 2.77285 -1.85419
-1.75057 2.76797 -1.76465
-1.84516 2.76182 -1.6762
-1.98688 2.75498 -1.54132
-2.08113 2.74715 -1.4549
-2.17503 2.73836 -1.3698
-2.26683 2.7279 -1.28845
-2.35585 2.71699 -1.21035
-2.44224 2.70608 -1.13486
-2.5241 2.69491 -1.06418
-2.63615 2.68379 -0.963254
-2.70509 2.6731 -0.905003
-2.77054 2.66281 -0.849844
-2.83215 2.65232 -0.798715
-2.88957 2.64153 -0.752089
-2.94332 2.63143 -0.708428
-2.99376 2.62113 -0.668289
-3.04054 2.61129 -0.631362
-3.10354 2.60141 -0.578232
-3.14142 2.58942 -0.552345
3.10616 2.58066 -0.525504
3.07283 2.57238 -0.500446
3.00999 2.56862 -0.441371
2.97998 2.56058 -0.419396
2.95118 2.55294 -0.398237
2.91051 2.54529 -0.36522
2.88416 2.53825 -0.345908
2.8585 2.53151 -0.326994
2.83441 2.52294 -0.311475
2.81207 2.51704 -0.295038
2.79061 2.51144 -0.279164
2.77019 2.50592 -0.26427
2.75151 2.50081 -0.2507
2.72516 2.49585 -0.22931
2.7084 2.49129 -0.217117
2.69252 2.48497 -0.207552
2.67681 2.48104 -0.19577
2.66198 2.47739 -0.184583
2.63475 2.47858 -0.156164
2.61607 2.47425 -0.141821
2.60455 2.47041 -0.134149
2.59338 2.46682 -0.126566
2.58256 2.46265 -0.119913
2.57174 2.45934 -0.112402
2.56092 2.45617 -0.104748
2.55062 2.45325 -0.0973697
2.54155 2.45055 -0.0909983
2.52951 2.44807 -0.0814367
2.52165 2.44506 -0.0765897
2.51415 2.44285 -0.071293
2.50717 2.44077 -0.0664002
2.50088 2.43885 -0.0620298
2.49547 2.43705 -0.0584216
2.49058 2.43535 -0.0552311
2.48535 2.40733 -0.0780213
2.47715 2.40659 -0.0705587
2.47156 2.40601 -0.0655555
2.46615 2.40554 -0.0606125
2.46109 2.40518 -0.0559045
2.45655 2.40493 -0.0516202
2.45219 2.40476 -0.0474274
2.44748 2.40468 -0.0428001
2.43997 2.40468 -0.0352857
2.43491 2.54502 0.110113
2.4302 2.54673 0.116529
2.42566 2.54855 0.122887
2.4213 2.55041 0.129112
2.41676 2.55232 0.135558
2.41187 2.55434 0.142466
2.40855 2.55546 0.146904
2.40925 2.55763 0.14838
2.41205 2.41255 0.000508652
2.41501 2.41276 -0.00225152
2.4185 2.41291 -0.00559359
2.42287 2.413 -0.00986932
2.42775 2.41299 -0.0147585
2.43247 2.41289 -0.0195719
2.43526 2.41269 -0.0225656
2.43264 2.41392 -0.0187203
2.42112 2.4546 0.033482
2.4185 2.45626 0.0377543
2.41606 2.45791 0.0418524
2.41379 2.46179 0.0480015
2.40995 2.46363 0.053677
2.40733 2.46552 0.0581846
2.40524 2.46748 0.062246
2.40437 2.61325 0.208884
2.40419 2.61683 0.212642
2.40437 2.62044 0.216077
2.40489 2.62395 0.219065
2.40559 2.62736 0.221774
2.40646 2.63085 0.224388
2.40908 2.63434 0.225262
2.41484 2.63771 0.222876
2.42252 2.641 0.218484
2.43037 2.64414 0.213772
2.4377 2.64788 0.21018
2.44486 2.65075 0.205892
2.45254 2.65343 0.200891
2.4651 2.656 0.190895
2.47348 2.65836 0.184884
2.48151 2.66059 0.179077
2.48884 2.66339 0.174549
2.5028 2.50469 0.00188467
2.50909 2.50848 -0.000606909
2.51921 2.51229 -0.00692292
2.52549 2.51621 -0.00927883
2.53143 2.52002 -0.0114075
2.53666 2.5248 -0.0118637
2.54015 2.52835 -0.011806
2.54033 2.28412 -0.256205
2.53788 2.28543 -0.252448
2.53439 2.28679 -0.247599
2.53038 2.2883 -0.24208
2.52846 2.2897 -0.238757
2.52689 2.29417 -0.232717
2.52532 2.29576 -0.229557
2.52095 2.2974 -0.223554
2.5117 2.29911 -0.212595
2.49879 2.5687 0.0699113
2.48587 2.57329 0.0874219
2.46912 2.57819 0.109077
2.45795 2.58716 0.12921
2.44573 2.59297 0.147236
2.43247 2.59864 0.166178
2.42182 2.60461 0.18279
2.41746 2.61094 0.193485
2.4178 2.62073 0.202927
2.42042 2.62714 0.206719
2.42374 2.6336 0.209857
2.4288 2.63996 0.211158
2.43543 2.64611 0.210681
2.44276 2.65212 0.209354
2.45009 2.66334 0.213245
2.4576 2.66934 0.211744
2.4761 2.502 0.0258965
2.48378 2.5098 0.0260185
2.49163 2.51445 0.0228134
2.49949 2.51948 0.0199974
2.50734 2.52444 0.017098
2.51554 2.5291 0.0135608
2.52218 2.5368 0.0146202
2.52514 2.54131 0.0161639
2.52392 2.54569 0.021765
2.522 2.55001 0.0280141
2.52078 2.55466 0.0338846
2.51956 2.5594 0.0398438
2.51799 2.56743 0.0494407
2.51729 2.572 0.0547072
2.51694 2.57656 0.059617
2.51694 2.58119 0.0642494
2.51694 2.59764 0.0806969
2.51676 2.60748 0.0907197
2.51694 2.61434 0.0973997
2.51729 2.62113 0.103842
2.51799 2.62812 0.11013
2.51868 2.63529 0.116607
2.52026 2.64244 0.122182
2.522 2.65223 0.13023
2.5241 2.65915 0.135059
2.52654 2.66611 0.13957
2.52933 2.673 0.143667
2.53265 2.68003 0.147386
2.53614 2.68694 0.150805
2.53945 2.69704 0.157588
2.54504 2.7038 0.158756
2.5494 2.71055 0.161149
2.55394 2.77412 0.220182
2.55848 2.7836 0.22512
2.56302 2.78998 0.226965
2.5679 2.79625 0.228345
2.57331 2.80235 0.229037
2.57872 2.80832 0.229597
2.58745 2.81729 0.229837
2.59478 2.82333 0.228551
2.61206 2.83469 0.222633
2.62096 2.84003 0.219067
2.62969 2.84524 0.215548
2.63841 2.85349 0.215078
2.65238 2.85853 0.206158
2.66198 2.86328 0.201304
2.6714 2.86784 0.196443
2.6803 2.87231 0.192011
2.68868 2.86982 0.18114
2.69688 2.87623 0.179349
2.70474 2.88259 0.17785
2.71224 2.89083 0.178585
2.72324 2.89703 0.173795
2.73022 2.90296 0.172744
2.73703 2.90873 0.171707
2.74331 2.91445 0.171146
2.74959 2.92006 0.170472
2.75535 2.92762 0.172264
2.76129 2.93291 0.171622
2.76739 2.93813 0.170732
2.77647 2.9434 0.166929
2.7824 2.94847 0.166063
2.78851 2.95562 0.167108
2.7948 2.96053 0.165736
2.8009 2.96526 0.164358
2.80666 3.26878 0.462118
2.81242 3.27466 0.462241
2.82167 3.28047 0.458792
2.82796 3.28551 0.457557
2.83407 3.29024 0.456173
2.8407 3.29512 0.454424
2.851 3.29999 0.448993
2.86775 3.30476 0.43701
2.88887 3.30896 0.420089
2.91034 3.31268 0.402346
2.94053 3.31615 0.375617
2.96078 3.31913 0.358355
2.98102 3.32182 0.3408
3.00109 3.32426 0.323171
3.01994 3.32626 0.306321
3.03757 3.32792 0.290352
3.05468 3.32926 0.274588
3.07091 3.02422 -0.0466867
3.09342 3.02507 -0.0683484
3.10738 3.02549 -0.0818927
3.12047 3.02564 -0.0948338
3.13234 3.0255 -0.106838
-3.13967 3.02536 -0.118152
-3.13095 3.02476 -0.127482
-3.12728 3.02396 -0.131942
-3.13269 3.02311 -0.127382
-3.13897 3.02241 -0.121802
3.13793 3.02202 -0.115907
3.13164 3.02151 -0.110136
3.12519 3.02115 -0.104039
3.11925 3.02094 -0.0983156
3.11349 3.02085 -0.0926456
3.10686 3.02087 -0.0859883
3.09063 3.02046 -0.0701725
3.08435 3.02111 -0.0632335
3.07876 3.02227 -0.0564908
3.07387 3.02316 -0.0507105
3.06881 3.02417 -0.0446425
3.0634 3.0253 -0.0380992
3.05817 3.02657 -0.031593
3.05223 3.02796 -0.0242749
3.04926 3.02981 -0.0194505
3.04665 3.03134 -0.0153114
3.04403 3.03295 -0.0110792
3.04106 3.03462 -0.00644171
3.03844 3.03638 -0.00205874
3.03583 3.03869 0.00286081
3.03251 3.04056 0.00805539
3.03059 3.0425 0.0119142
3.02902 3.04288 0.0138598
3.02762 3.04581 0.0181882
3.0264 3.04814 0.0217406
3.02605 3.05049 0.0244336
3.02588 3.05285 0.0269744
3.02588 3.05518 0.0293035
3.02588 3.05821 0.0323302
3.0257 3.06058 0.034877
3.02535 3.06297 0.0376171
3.02535 3.06537 0.0400164
3.02535 3.06774 0.0423882
3.02535 3.07083 0.0454798
3.02535 3.07321 0.0478545
3.02605 3.07563 0.0495745
3.02692 3.07803 0.0511057
3.02727 3.08037 0.0531002
3.02797 3.08271 0.0547389
3.0285 -3.20666 0.0480299
3.02919 -3.20325 0.0507437
3.03007 -3.19983 0.0532909
3.03146 -3.19644 0.0552785
3.03268 -3.19309 0.0574134
3.03443 -3.18979 0.0589616
3.03617 -3.18655 0.0604559
3.03775 -3.18329 0.0621483
3.03914 -3.18002 0.064022
3.04054 -3.17689 0.0657537
3.04211 -3.17376 0.0673212
3.04368 -3.17063 0.0688759
3.04595 -3.16623 0.071011
3.04804 -3.16313 0.0720093
3.04996 -3.16008 0.0731388
3.05153 -3.15707 0.0745777
3.05363 -3.15426 0.0753021
3.05625 -3.15994 0.0669949
3.05886 -3.15618 0.0681445
3.06131 -3.15248 0.0693946
3.06532 -3.14882 0.0690472
3.06777 -3.14521 0.0702097
3.06969 -3.14172 0.0717836
3.0716 -3.13828 0.0732989
3.07387 -3.13484 0.0744682
3.07614 -3.13137 0.0756725
3.07824 -3.12802 0.0769246
3.08033 -3.12302 0.0798293
3.08365 -3.11967 0.0798695
3.08592 -3.11644 0.0808295
3.08853 -3.11324 0.0814127
3.09133 -3.11011 0.0817484
3.09412 -3.10531 0.0837521
3.09674 -3.10227 0.0841824
3.09918 -3.10829 0.0757118
3.10337 -3.10414 0.0756723
3.10599 -3.10013 0.077071
3.10826 -3.09611 0.0788143
3.1107 -3.09219 0.0802918
3.11349 -3.08834 0.081349
3.11594 -3.08455 0.0826997
3.11821 -3.07861 0.086372
3.12082 -3.06641 0.0959514
3.12431 -3.06265 0.0962239
3.12588 -3.05902 0.0982787
3.1278 -3.05556 0.0998252
3.13007 -3.05011 0.103004
3.13304 -3.0466 0.103545
3.13636 -3.04317 0.103656
3.14037 -3.03975 0.103061
-3.13828 -3.03646 0.101819
-3.13199 -3.02329 0.108699
-3.12763 -3.01818 0.109449
-3.12309 -3.01303 0.110065
-3.1189 -3.00796 0.110942
-3.11506 -3.00042 0.114643
-3.1114 -2.99554 0.115856
-3.10773 -2.9907 0.117029
-3.10232 -2.98588 0.116441
-3.09813 -2.98204 0.116092
-3.09377 -2.97495 0.118824
-3.08941 -2.97048 0.118928
-3.08504 -2.96628 0.118762
-3.08016 -2.96212 0.118038
-3.07475 -2.95795 0.116793
-3.06986 -2.95385 0.116008
-3.0634 -2.94686 0.116542
-3.05956 -2.94309 0.116468
-3.05572 -2.94276 0.112964
-3.05206 -2.93751 0.114542
-3.04822 -2.93234 0.115879
-3.0442 -2.9272 0.116999
-3.04001 -2.92215 0.117868
-3.036 -2.9144 0.121597
-3.02972 -2.90945 0.120271
-3.025 -2.90467 0.120333
-3.01994 -2.89504 0.1249
-3.01523 -2.8904 0.124829
-3.01087 -2.88596 0.124904
-3.00633 -2.8784 0.127933
-3.00144 -2.87399 0.127452
-2.99411 -2.86974 0.124377
-2.9887 -2.86563 0.123074
-2.98294 -2.86151 0.121434
-2.97247 -2.8792 0.0932727
-2.96706 -2.87277 0.094291
-2.96165 -2.86638 0.0952664
-2.95659 -2.85989 0.0966997
-2.94873 -2.85336 0.095374
-2.94297 -2.84704 0.0959293
-2.93826 -2.84079 0.0974704
-2.93442 -2.83473 0.0996969
-2.93076 -2.82635 0.104408
-2.92709 -2.82025 0.106844
-2.9236 -2.81414 0.109465
-2.92063 -2.80819 0.112446
-2.9161 -2.80236 0.113738
-2.91313 -2.79664 0.116487
-2.90999 -2.7884 0.12159
-2.9065 -2.7826 0.123899
-2.90283 -2.89059 0.0122399
-2.89917 -2.88442 0.014742
-2.89585 -2.87841 0.017439
-2.89236 -2.87222 0.0201403
-2.88608 -2.86314 0.0229361
-2.88136 -2.85686 0.0245058
-2.87752 -2.85068 0.0268415
-2.87578 -2.84456 0.0312164
-2.8756 -2.83856 0.0370428
-2.87473 -2.81762 0.0571069
-2.87351 -2.81095 0.0625582
-2.87316 -2.80428 0.0688807
-2.87229 -2.79786 0.0744317
-2.87089 -2.78822 0.0826696
-2.86932 -2.78189 0.0874309
-2.86758 -2.77538 0.0921956
-2.86531 -2.76854 0.096772
-2.86286 -2.76063 0.102231
-2.85937 -2.75279 0.106588
-2.85675 -2.74307 0.113687
-2.85379 -2.7355 0.118291
-2.85012 -2.72777 0.122355
-2.84593 -2.72008 0.125856
-2.8414 -2.71244 0.128959
-2.83721 -2.70494 0.132264
-2.83319 -2.6952 0.137992
-2.82656 -2.68781 0.13875
-2.82167 -2.68044 0.141238
-2.81644 -2.67322 0.143218
-2.81103 -2.66604 0.144987
-2.80579 -2.65907 0.146719
-2.80021 -2.64896 0.151249
-2.79445 -2.6421 0.152348
-2.78589 -2.58758 0.198317
-2.77979 -2.57913 0.200653
-2.77333 -2.57267 0.20066
-2.76722 -2.56633 0.200893
-2.76111 -2.56021 0.200898
-2.75483 -2.55429 0.20054
-2.7482 -2.54834 0.199856
-2.74069 -2.54048 0.200207
-2.71887 -2.53476 0.184115
-2.70997 -2.52972 0.180256
-2.70125 -2.52479 0.176453
-2.69217 -2.52013 0.172039
-2.68275 -2.51337 0.169372
-2.67315 -2.5089 0.164242
-2.6639 -2.50458 0.159314
-2.6515 -2.50043 0.151074
-2.6433 -2.6359 0.00740419
-2.63545 -2.6324 0.00304334
-2.62812 -2.62754 0.000577729
-2.62096 -2.62421 -0.00324603
-2.61381 -2.62097 -0.0071657
-2.60682 -2.61785 -0.01103
-2.59967 -2.61482 -0.0151551
-2.59862 -2.61045 -0.0118342
-2.60054 -2.45621 0.144327
-2.60176 -2.45176 0.149998
-2.60229 -2.44726 0.155024
-2.60263 -2.44305 0.15959
-2.60333 -2.43897 0.164363
-2.60403 -2.43391 0.170125
-2.60229 -2.42958 0.172704
-2.5974 -2.42522 0.17218
-2.59112 -2.56437 0.0267453
-2.58466 -2.56183 0.0228291
-2.57785 -2.5594 0.0184464
-2.57035 -2.55696 0.0133911
-2.56197 -2.55276 0.00920964
-2.54836 -2.55057 -0.00221681
-2.54207 -2.54869 -0.00661362
-2.53928 -2.54699 -0.00771197
-2.53858 -2.54542 -0.00684268
-2.53841 -2.54177 -0.00336356
-2.53841 -2.54005 -0.00163955
-2.53858 -2.53835 0.000231318
-2.53945 -2.53668 0.00277656
-2.53998 -2.53503 0.00494531
-2.54068 -2.5307 0.00997708
-2.54137 -2.52891 0.0124659
-2.54207 -2.52709 0.0149812
-2.54277 -2.47967 0.0630989
-2.54312 -2.47704 0.0660762
-2.54294 -2.47594 0.0670067
-2.5426 -2.47487 0.0677274
-2.54225 -2.4738 0.0684467
-2.5419 -2.47271 0.0691829
-2.54085 -2.47006 0.0707934
-2.53928 -2.46898 0.0702986
-2.53666 -2.46795 0.0687156
-2.53335 -2.46697 0.066371
-2.52985 -2.46609 0.0637685
-2.52427 -2.46363 0.0606414
-2.52026 -2.46286 0.0573915
-2.51676 -2.46219 0.0545733
-2.5138 -2.46161 0.0521889
-2.51153 -2.4611 0.0504242
-2.50943 -2.45867 0.0507659
-2.50734 -2.46101 0.0463348
-2.5035 -2.45927 0.0442314
-2.50106 -2.45788 0.0431763
-2.49896 -2.45655 0.0424155
-2.49687 -2.45525 0.0416222
-2.49477 -2.454 0.0407744
-2.49303 -2.45265 0.0403742
-2.49163 -2.45152 0.0401082
-2.49006 -2.45041 0.0396498
-2.48797 -2.44932 0.0386452
-2.48692 -2.44827 0.0386467
-2.48535 -2.44725 0.0381009
-2.4836 -2.44666 0.0369464
-2.48186 -2.44574 0.036121
-2.48029 -2.44487 0.0354213
-2.47854 -2.444 0.0345469
-2.47575 -2.42499 0.0507608
-2.47453 -2.42555 0.0489741
-2.47331 -2.42615 0.0471568
-2.47208 -2.42705 0.0450349
-2.47051 -2.42769 0.0428219
-2.46894 -2.42838 0.0405587
-2.46737 -2.42912 0.0382559
-2.46475 -2.42989 0.034866
-2.46283 -2.32842 0.134414
-2.46091 -2.3301 0.13081
-2.45917 -2.33405 0.125118
-2.45707 -2.33582 0.121251
-2.45481 -2.3376 0.117208
-2.45289 -2.33949 0.1134
-2.45044 -2.34142 0.109026
-2.44364 -2.34697 0.0966669
-2.43247 -2.3523 0.0801673
-2.42723 -2.35637 0.0708585
-2.42182 -2.36046 0.0613587
-2.41623 -2.36481 0.0514189
-2.411 -2.36934 0.0416529
-2.40646 -2.37407 0.0323872
-2.4007 -2.38128 0.0194154
-2.39773 -2.38622 0.0115172
-2.39494 -2.39119 0.00374844
-2.39215 -2.39624 -0.00409006
-2.38988 -2.40141 -0.0115334
-2.38813 -2.40939 -0.0212584
-2.38656 -2.41491 -0.028348
-2.38587 -2.42042 -0.0345519
-2.38587 -2.42583 -0.0399636
-2.38569 -2.43116 -0.0454706
-2.38621 -2.4361 -0.0498832
-2.38744 -2.4434 -0.0559623
-2.38866 -2.45302 -0.0643657
-2.39005 -2.46039 -0.0703342
-2.39162 -2.46755 -0.0759262
-2.39302 -2.47492 -0.081898
-2.39424 -2.48221 -0.0879643
-2.39616 -2.49167 -0.0955119
-2.39808 -2.49892 -0.100838
-2.4007 -2.50611 -0.105413
-2.40384 -2.51324 -0.109397
-2.40716 -2.52033 -0.11317
-2.40995 -2.52746 -0.117505
-2.41431 -2.53715 -0.122839
-2.4178 -2.54415 -0.126348
-2.42164 -2.55126 -0.129619
-2.42583 -2.55816 -0.132323
-2.4302 -2.60037 -0.170177
-2.43491 -2.60893 -0.174019
-2.44014 -2.61743 -0.177286
-2.44556 -2.62724 -0.181686
-2.45358 -2.63554 -0.181957
-2.45917 -2.64367 -0.184502
-2.4651 -2.65172 -0.186621
-2.47226 -2.65993 -0.187667
-2.48029 -2.70654 -0.226256
-2.48849 -2.71484 -0.226347
-2.496 -2.72216 -0.226166
-2.50769 -2.72935 -0.221659
-2.51607 -2.73614 -0.220077
-2.52479 -2.74295 -0.218152
-2.53404 -2.74958 -0.215534
-2.54347 -2.75703 -0.213563
-2.55307 -2.76335 -0.210286
-2.56302 -2.85768 -0.294664
-2.57296 -2.86441 -0.291448
-2.58745 -2.87026 -0.282814
-2.5974 -2.87558 -0.278184
-2.60735 -2.88073 -0.273383
-2.61695 -2.88573 -0.268787
-2.6269 -2.89137 -0.264471
-2.63807 -2.89604 -0.25797
-2.65063 -2.81873 -0.168103
-2.66372 -2.82296 -0.159237
-2.68222 -2.82709 -0.144867
-2.69461 -2.83307 -0.138461
-2.70701 -2.83662 -0.129612
-2.71905 -2.83993 -0.120885
-2.72969 -2.84293 -0.113239
-2.73825 -2.84574 -0.107493
-2.7454 -2.86281 -0.117408
-2.75483 -2.86834 -0.113512
-2.76006 -2.87479 -0.11473
-2.76495 -2.87999 -0.115037
-2.77001 -2.885 -0.114984
-2.77507 -2.8899 -0.11483
-2.78031 -2.89485 -0.11454
-2.78607 -2.89963 -0.113564
-2.79165 -2.90549 -0.11384
-2.79916 -2.91012 -0.11096
-2.8044 -2.91448 -0.110087
-2.80963 -2.91871 -0.10908
-2.81434 -2.92293 -0.108584
-2.81923 -2.92836 -0.109133
-2.82412 -2.93238 -0.108266
-2.82866 -2.93634 -0.107688
-2.83319 -2.94018 -0.10699
-2.83983 -2.94316 -0.10333
-2.84454 -2.9475 -0.102967
-2.84977 -2.95178 -0.102006
-2.85501 -2.95594 -0.100934
-2.86007 -2.96218 -0.10211
-2.86478 -2.96615 -0.101365
-2.86915 -2.96999 -0.100847
-2.8756 -2.97385 -0.09825
-2.88032 -2.97759 -0.0972726
-2.88485 -2.98362 -0.0987666
-2.88922 -2.98711 -0.0978922
-2.89341 -2.99045 -0.0970394
-2.89829 -2.99371 -0.0954182
-2.90318 -2.99702 -0.093839
-2.90807 -3.00439 -0.096323
-2.91557 -3.00755 -0.0919812
-2.91994 -3.01046 -0.090528
-2.92447 3.29396 -0.0647491
-2.92936 3.28723 -0.0665914
-2.9346 3.2805 -0.0680886
-2.93948 3.27374 -0.0699666
-2.94367 3.26727 -0.0722408
-2.94716 3.2608 -0.0752241
-2.95153 3.25423 -0.0774308
-2.95432 3.24791 -0.0809556
-2.95729 3.23837 -0.0875255
-2.96095 3.23234 -0.0898912
-2.96409 3.22651 -0.0925823
-2.96689 3.21912 -0.0971786
-2.96985 3.21342 -0.0999117
-2.97456 3.20774 -0.100881
-2.97788 3.20205 -0.103255
-2.98172 3.19642 -0.105044
-2.98591 3.20041 -0.0968666
-2.98975 3.19393 -0.0995023
-2.99411 3.18749 -0.101588
-2.99882 3.18126 -0.103105
-3.00336 3.17504 -0.104785
-3.00982 3.1689 -0.104464
-3.01436 3.16299 -0.105838
-3.01872 3.15699 -0.107473
-3.02308 3.15107 -0.109029
-3.02745 3.14339 -0.112347
-3.03199 3.13776 -0.113441
-3.03722 3.13215 -0.113815
-3.04281 3.12667 -0.113705
-3.05118 3.12109 -0.110909
-3.0566 3.11371 -0.112882
-3.06148 3.10864 -0.113066
-3.06585 3.10363 -0.113705
-3.07021 3.12285 -0.090131
-3.07544 3.1171 -0.0906425
-3.08086 3.11125 -0.0910769
-3.08853 3.10545 -0.0892006
-3.09342 3.10008 -0.0896796
-3.09796 3.09236 -0.092863
-3.10215 3.08719 -0.09385
-3.10669 3.08206 -0.0944385
-3.11122 3.0306 -0.141364
-3.11541 3.02411 -0.143659
-3.11943 3.01517 -0.148591
-3.12501 3.00896 -0.149217
-3.12885 3.00292 -0.151412
-3.13322 2.99699 -0.152976
-3.1381 2.99101 -0.154071
3.13967 2.98203 -0.157638
3.13374 2.97622 -0.157514
3.12763 2.97574 -0.151889
3.12117 2.96542 -0.15575
3.11053 2.95832 -0.15221
3.10337 2.95137 -0.152001
3.09621 2.94456 -0.151659
3.08888 2.93803 -0.150855
3.0819 2.92853 -0.153372
3.07475 2.92217 -0.152576
3.06724 2.91602 -0.151222
3.0552 2.90987 -0.145327
3.04717 2.904 -0.143169
3.03967 2.89483 -0.144835
3.03216 2.8892 -0.142962
3.02483 2.88372 -0.141111
3.0175 2.87845 -0.139049
3.01017 2.87324 -0.136928
3.00319 2.8755 -0.127687
2.99307 2.86695 -0.126118
2.98643 2.85859 -0.127842
2.97998 2.85042 -0.12956
2.97352 2.84237 -0.131146
2.96706 2.83446 -0.132597
2.96078 2.82674 -0.134041
2.95432 2.81905 -0.135267
2.93774 2.89641 -0.0413325
2.93111 2.89062 -0.0404873
2.92465 2.88485 -0.0397954
2.91819 2.87911 -0.0390803
2.91191 2.87355 -0.0383549
2.90615 2.86808 -0.0380646
2.90091 2.85965 -0.0412589
2.89742 2.8543 -0.0431207
2.89445 2.8541 -0.0403496
2.89253 2.8472 -0.0453297
2.89044 2.84035 -0.0500862
2.88869 2.83094 -0.0577588
2.88712 2.82421 -0.0629119
2.88538 2.81734 -0.0680377
2.88346 2.81044 -0.0730168
2.87997 2.80356 -0.0764101
2.87752 2.79684 -0.080688
2.87508 2.78748 -0.0875968
2.87211 2.78081 -0.0913085
2.86862 2.77428 -0.0943431
2.86513 2.76758 -0.0975511
2.86129 2.76097 -0.100319
2.85693 2.75171 -0.105224
2.85082 2.74514 -0.105681
2.84646 2.73876 -0.107698
2.84209 2.73087 -0.111222
2.83791 2.72331 -0.114591
2.83302 2.71581 -0.117207
2.82796 2.70681 -0.121149
2.82272 2.69946 -0.123262
2.81679 2.69211 -0.12468
2.80754 2.68477 -0.122767
2.80178 2.67772 -0.124056
2.79602 2.50877 -0.287246
2.79043 2.49871 -0.29172
2.78485 2.48991 -0.294939
2.77926 2.4817 -0.297565
2.77368 2.47392 -0.299754
2.76513 2.46586 -0.299269
2.75745 2.45776 -0.299689
2.74662 2.44841 -0.29821
2.73371 2.42359 -0.310116
2.72027 2.41668 -0.303594
2.70788 2.41007 -0.297812
2.69566 2.40277 -0.29289
2.68205 2.39671 -0.285339
2.65988 2.39063 -0.269252
2.6447 2.38508 -0.259615
2.62969 2.37988 -0.249804
2.6152 2.37414 -0.241063
2.60037 2.55889 -0.0414736
2.58571 2.55594 -0.0297673
2.57157 2.55314 -0.018424
2.55795 2.54811 -0.00984471
2.53928 2.54577 0.0064931
2.52828 2.54392 0.0156347
2.51973 2.54228 0.022544
2.51537 2.54085 0.0254852
2.51362 2.34472 -0.168907
2.51258 2.34125 -0.171331
2.51188 2.33767 -0.174212
2.51223 2.33424 -0.177991
2.5131 2.33182 -0.181279
2.51345 2.32863 -0.184821
2.51188 2.32526 -0.18662
2.50699 2.322 -0.184993
2.49914 2.51626 0.0171204
2.49076 2.51384 0.0230853
2.48291 2.51161 0.0287068
2.47191 2.5093 0.0373885
2.46371 2.50643 0.0427277
2.45446 2.50477 0.0503096
2.44678 2.50324 0.0564621
2.44311 2.50189 0.0587741
2.44276 2.50066 0.057895
2.44276 2.2859 -0.156859
2.44294 2.28562 -0.157317
2.44486 2.28427 -0.160582
2.44748 2.28296 -0.164513
2.45027 2.28162 -0.168652
2.45184 2.28015 -0.171687
2.45079 2.27975 -0.171045
2.4466 2.2783 -0.168299
2.43997 2.27697 -0.163
2.42863 2.27576 -0.152864
2.42287 2.27481 -0.148053
2.4185 2.27401 -0.144492
2.41414 2.27458 -0.139558
2.41152 2.27404 -0.137485
2.411 2.27353 -0.137469
2.4103 2.27301 -0.137285
2.41013 2.26649 -0.143633
2.40995 2.26703 -0.142918
2.40978 2.26756 -0.142212
2.40978 2.2681 -0.141674
2.4096 2.26866 -0.140938
2.40943 2.27084 -0.13859
2.40908 2.2714 -0.137681
2.4089 2.27197 -0.136931
2.40925 2.27254 -0.136716
2.4089 2.2731 -0.135799
2.40559 2.27528 -0.130305
2.39965 2.27596 -0.123698
2.39162 2.27679 -0.114838
2.38237 2.27779 -0.104589
2.37487 2.27896 -0.0959124
2.36824 2.28028 -0.087962
2.35288 2.28355 -0.0693285
2.34084 2.27554 -0.0652975
2.32897 2.27921 -0.0497613
2.3164 2.28284 -0.0335646
2.30488 2.28674 -0.0181422
2.2986 2.29108 -0.00752218
2.2986 2.29565 -0.00294399
2.30314 2.3004 -0.00273684
2.31291 2.30743 -0.00547938
2.31989 2.31205 -0.00784593
2.32565 2.31653 -0.00912609
2.32967 2.32095 -0.00871173
2.33141 2.32521 -0.0062045
2.33124 2.33159 0.000350029
2.33019 2.3358 0.00560856
2.32844 2.34006 0.0116183
2.32443 2.34437 0.0199426
2.32164 2.3372 0.015562
2.31937 2.34369 0.0243206
2.31762 2.35025 0.0326273
2.3164 2.35659 0.0401845
2.31623 2.36253 0.0463078
2.31675 2.36843 0.0516827
2.31727 2.3747 0.057429
2.3178 2.38138 0.0635849
2.3185 2.3884 0.0699051
2.31972 2.39838 0.0786585
2.32094 2.40564 0.0847059
2.32181 2.41291 0.0910979
2.32268 2.42029 0.097603
2.32408 2.42715 0.103072
2.32775 2.43646 0.108714
2.32967 2.44283 0.113169
2.33176 2.44955 0.117791
2.33368 2.4455 0.111818
2.33543 2.45436 0.118939
2.33717 2.46262 0.12545
2.33926 2.47079 0.131525
2.34188 2.4793 0.137415
2.34694 2.48809 0.141142
2.35078 2.49677 0.145985
2.35445 2.50527 0.150824
2.35811 2.3879 0.0297849
2.3623 2.39324 0.0309381
2.36754 2.40153 0.0339936
2.37347 2.40742 0.0339474
2.38255 2.41319 0.0306414
2.38778 2.41848 0.0306906
2.39162 2.42369 0.0320641
2.39337 2.43167 0.0382958
2.39354 2.41938 0.0258351
2.39337 2.42687 0.0335041
2.39337 2.43453 0.041163
2.39354 2.44223 0.0486866
2.39354 2.44996 0.0564199
2.39389 2.45745 0.063552
2.39494 2.46495 0.0700136
2.39616 2.47264 0.0764804
2.39738 2.48056 0.0831773
2.39843 2.48815 0.089718
2.39948 2.49562 0.0961437
2.40122 2.50628 0.105058
2.40454 2.51386 0.109322
2.40733 2.52132 0.113988
2.41065 2.52879 0.118143
2.41431 2.5363 0.12199
2.4178 2.54685 0.129044
2.4213 2.65495 0.233654
2.42461 2.66231 0.237699
2.4281 2.66957 0.241468
2.43316 2.67677 0.243602
2.43648 2.68382 0.247341
2.44049 2.69089 0.250399
2.44625 2.69777 0.251513
2.45446 2.70759 0.253137
2.46458 2.90226 0.437677
2.4754 2.91124 0.43584
2.49216 2.92045 0.428291
2.50385 2.92885 0.425
2.51484 2.93983 0.424981
2.52567 2.94765 0.421981
2.53893 2.95507 0.416138
2.55673 2.96243 0.405693
2.57715 2.66984 0.0926848
2.59775 2.67607 0.0783251
2.62777 2.6821 0.0543334
2.64749 2.68826 0.0407672
2.66721 2.69442 0.0272074
2.68571 2.69985 0.0141362
2.70037 2.70806 0.00768492
2.70893 2.71275 0.00382083
2.71189 2.98896 0.277067
2.71242 2.99645 0.284032
2.71381 3.00418 0.290369
2.71364 3.01392 0.300279
2.71189 3.02068 0.308789
2.70997 3.02761 0.317637
2.7105 3.03475 0.324252
2.71678 3.04209 0.325309
2.72778 3.04753 0.319757
2.7461 3.0556 0.309498
2.75814 3.06327 0.30513
2.77071 3.07072 0.300012
2.78555 3.07806 0.292519
2.80143 3.08516 0.283731
2.81696 3.09202 0.275056
2.83127 3.09841 0.267132
2.84541 3.10436 0.258948
2.86705 3.11443 0.247382
2.88084 3.11996 0.239115
2.89428 3.12515 0.230874
2.90737 3.13007 0.222697
2.91994 3.13462 0.214685
2.93198 3.13896 0.206985
2.94367 3.14303 0.199355
2.95519 3.14693 0.191741
2.9716 3.14929 0.177695
2.98172 3.15282 0.171101
2.99115 3.15603 0.164887
3.0004 3.15907 0.158677
3.00947 3.16189 0.152422
3.0182 3.16458 0.146379
3.02623 3.16706 0.140838
3.0374 3.16935 0.13195
3.04455 3.16788 0.123327
3.05136 3.17001 0.118649
3.05817 3.17171 0.113548
3.06532 3.1733 0.107975
3.0723 3.17477 0.102467
3.07894 3.17607 0.0971386
3.08504 3.17744 0.0923967
3.09307 3.17844 0.085368
3.09813 3.17735 0.079213
3.10285 3.17821 0.0753667
3.10756 3.17899 0.071431
3.1121 3.17965 0.0675572
3.11576 3.18022 0.064458
3.1189 3.18069 0.0617866
3.12222 3.18145 0.0592343
3.1278 3.1818 0.0539941
3.13112 3.18201 0.0508897
3.13409 3.18214 0.0480529
3.13723 3.1822 0.0449737
3.14002 3.18256 0.0425377
-3.1402 3.18249 0.0395047
-3.13723 3.18236 0.036402
-3.13304 3.18215 0.0320093
-3.1306 3.18186 0.0292729
-3.12815 3.18151 0.0264774
-3.12554 -3.10409 0.0214494
-3.12309 -3.1043 0.0187966
-3.12065 -3.10403 0.0166145
-3.11873 -3.10435 0.0143782
-3.11716 -3.1047 0.0124536
-3.11541 -3.1051 0.0103141
-3.11437 -3.10554 0.00882247
-3.11349 -3.106 0.00748807
-3.11279 3.17263 0.00223751
-3.1121 3.17195 0.000863739
-3.1114 3.17125 -0.000533803
-3.11053 3.17054 -0.00212214
-3.10948 3.16979 -0.00391747
-3.10791 3.16956 -0.00572239
-3.10721 3.16877 -0.00720078
-3.10669 3.16797 -0.00853402
-3.10634 -3.11679 -0.0104501
-3.10634 -3.11734 -0.0110034
-3.10634 -3.1179 -0.011566
-3.10616 -3.11847 -0.012303
-3.10634 -3.11903 -0.0126951
-3.10634 -3.11897 -0.012629
-3.10634 -3.11952 -0.0131803
-3.10651 -3.12006 -0.013545
-3.10686 -3.12183 -0.0149648
-3.10721 -3.12233 -0.0151205
-3.10808 -3.12208 -0.013998
-3.1093 -3.12254 -0.0132329
-3.11105 -3.12298 -0.0119302
-3.11245 -3.12336 -0.0109177
-3.11349 -3.12372 -0.0102242
-3.11419 -3.12281 -0.00862256
-3.11489 -3.1231 -0.00820988
-3.11576 -3.1328 -0.0170358
-3.11646 -3.13192 -0.0154573
-3.11698 -3.13103 -0.0140462
-3.11786 -3.13014 -0.0122834
-3.11803 -3.12923 -0.0112032
-3.11855 -3.12832 -0.00976484
-3.11908 -3.12741 -0.00832935
-3.11943 -3.12647 -0.0070409
-3.12013 -3.12551 -0.00538479
-3.12047 -3.12339 -0.0029135
-3.121 -3.12237 -0.00137443
-3.12117 -3.12134 -0.00017191
-3.1217 -3.12034 0.00135616
-3.12222 -3.11929 0.00293012
-3.12257 -3.11707 0.00549539
-3.12309 -3.116 0.00709432
-3.12327 -3.1288 -0.00552971
-3.12327 -3.12714 -0.00387556
-3.12327 -3.12548 -0.00221201
-3.12292 -3.12383 -0.000915107
-3.12239 -3.12215 0.000244302
-3.12187 -3.12054 0.00132938
-3.12204 -3.11756 0.00448373
-3.12239 -3.1159 0.00649265
-3.12327 -3.11562 0.00765119
-3.12431 -3.11389 0.0104269
-3.12466 -3.1121 0.012558
-3.12431 -3.10892 0.0153923
-3.12379 -3.10717 0.0166169
-3.12309 -3.10539 0.0177036
-3.12239 -3.10365 0.0187455
-3.12187 -3.10193 0.0199367
-3.12152 -3.09431 0.0272091
-3.12082 -3.09118 0.0296434
-3.1203 -3.08813 0.0321708
-3.11943 -3.08327 0.0361618
-3.11855 -3.08022 0.0383359
-3.11768 -3.07716 0.0405254
-3.11681 -3.07413 0.0426799
-3.11541 -3.07109 0.0443255
-3.11402 -3.0663 0.0477167
-3.1114 -3.06494 0.0464597
-3.10965 -3.06202 0.047632
-3.10773 -3.05917 0.0485594
-3.10599 -3.05637 0.0496189
-3.10424 -3.05152 0.0527183
-3.1025 -3.04872 0.0537774
-3.10093 -3.04599 0.0549414
-3.09918 -3.04329 0.0558961
-3.09621 -3.10248 -0.00626448
-3.09447 -3.09835 -0.00387971
-3.09237 -3.09427 -0.00189854
-3.09045 -3.09015 0.000307202
-3.08853 -3.08613 0.00240934
-3.08644 -3.0821 0.00434431
-3.08487 -3.07811 0.00676161
-3.08435 -3.07417 0.0101746
-3.08539 -3.03573 0.0496639
-3.08557 -3.03102 0.0545433
-3.08557 -3.02636 0.0592078
-3.08557 -3.01949 0.0660805
-3.08522 -3.01494 0.0702775
-3.08469 -3.01027 0.0744272
-3.08417 -3.00555 0.0786227
-3.0819 -3.00086 0.081041
-3.07946 -3.01639 0.063071
-3.07667 -3.01077 0.0658916
-3.07352 -3.00527 0.0682529
-3.07003 -2.99973 0.070301
-3.06637 -2.99429 0.0720791
-3.06218 -2.98901 0.0731745
-3.05782 -2.98374 0.0740737
-3.05258 -2.97618 0.0763984
-3.04961 -2.97103 0.078579
-3.04665 -2.96592 0.0807306
-3.04351 -2.96086 0.0826497
-3.04054 -2.956 0.0845426
-3.03757 -2.94893 0.0886436
-3.03408 -2.94403 0.0900536
-3.03042 -2.93922 0.0911907
-3.02553 -2.93447 0.0910572
-3.02169 -2.92992 0.0917639
-3.01767 -2.92915 0.0885222
-3.01366 -2.92336 0.0903004
-3.00947 -2.91558 0.0938908
-3.00511 -2.90973 0.0953747
-3.00074 -2.90397 0.0967745
-2.99481 -2.89835 0.0964558
-2.99062 -2.89289 0.0977324
-2.98643 -2.88539 0.101046
-2.98207 -2.91327 0.0687958
-2.97771 -2.90797 0.0697336
-2.97282 -2.90276 0.070064
-2.96828 -2.89758 0.0707055
-2.96374 -2.88973 0.0740146
-2.95711 -2.88461 0.0724977
-2.95327 -2.87961 0.0736621
-2.94996 -2.87479 0.0751634
-2.94699 -2.93871 0.00827718
-2.94367 -2.93345 0.0102211
-2.94053 -2.92825 0.0122816
-2.93721 -2.92066 0.0165549
-2.9339 -2.91535 0.0185485
-2.92954 -2.91016 0.019377
-2.92762 -2.90511 0.0225086
-2.92709 -2.90009 0.0270048
-2.92744 -2.89243 0.0350066
-2.92762 -2.88745 0.0401638
-2.92709 -2.88232 0.0447757
-2.92604 -2.87724 0.0488063
-2.9243 -2.8722 0.0520971
-2.92273 -2.86326 0.0594707
-2.92081 -2.85813 0.062674
-2.91889 -2.85307 0.0658152
-2.91679 -2.74385 0.172941
-2.91435 -2.7379 0.176447
-2.91208 -2.7321 0.179982
-2.91016 -2.7265 0.183659
-2.9065 -2.72091 0.185587
-2.90353 -2.7153 0.188233
-2.89969 -2.70968 0.190008
-2.89376 -2.7043 0.189453
-2.88573 -2.68238 0.203347
-2.87718 -2.677 0.200174
-2.86845 -2.67174 0.196709
-2.85955 -2.66666 0.192883
-2.84558 -2.65991 0.185673
-2.83651 -2.65531 0.181194
-2.82778 -2.65094 0.176844
-2.81871 -2.64677 0.171934
-2.80963 -2.64268 0.166947
-2.80108 -2.65369 0.147389
-2.79288 -2.64905 0.143821
-2.78083 -2.64449 0.136343
-2.77333 -2.64022 0.133113
-2.76617 -2.6361 0.130069
-2.75867 -2.63226 0.126407
-2.75116 -2.62854 0.122627
-2.74418 -2.62485 0.119333
-2.7379 -2.75384 -0.0159421
-2.73161 -2.75098 -0.0193686
-2.72202 -2.74823 -0.0262166
-2.71626 -2.74561 -0.0293519
-2.71032 -2.74108 -0.0307543
-2.70439 -2.7387 -0.0343093
-2.7002 -2.73645 -0.0362535
-2.69915 -2.73431 -0.0351625
-2.69968 -2.66044 0.0392346
-2.7009 -2.65732 0.0435752
-2.70229 -2.6541 0.048189
-2.70317 -2.65079 0.0523776
-2.70421 -2.64765 0.0565615
-2.70578 -2.64451 0.0612766
-2.70735 -2.64129 0.0660642
-2.70735 -2.63795 0.0694086
-2.70648 -2.69422 0.012264
-2.70386 -2.69079 0.0130762
-2.7016 -2.68749 0.0141073
-2.69915 -2.68416 0.0149889
-2.69671 -2.68091 0.0157997
-2.69392 -2.67681 0.0171059
-2.69217 -2.67362 0.0185549
-2.692 -2.67049 0.0215027
-2.69217 -2.67713 0.0150416
-2.69165 -2.67528 0.0163655
-2.6913 -2.67345 0.0178522
-2.6906 -2.67162 0.0189821
-2.6899 -2.66855 0.0213489
-2.68938 -2.66676 0.0226206
-2.68885 -2.66494 0.0239101
-2.68798 -2.66315 0.0248289
-2.68746 -2.66137 0.0260865
-2.68659 -2.65835 0.028238
-2.68571 -2.65658 0.0291337
-2.68501 -2.65481 0.0302031
-2.68432 -2.65309 0.0312278
-2.68344 -2.65139 0.0320527
-2.68222 -2.64836 0.0338601
-2.68117 -2.64667 0.0345024
-2.6796 -2.64499 0.0346153
-2.67891 -2.64624 0.0326633
-2.67821 -2.64364 0.0345707
-2.67699 -2.64102 0.0359682
-2.67576 -2.6384 0.0373668
-2.67489 -2.63563 0.039264
-2.67367 -2.63309 0.0405782
-2.67227 -2.63057 0.0417043
-2.6707 -2.62808 0.0426243
-2.66983 -2.62565 0.04418
-2.66861 -2.62291 0.0456991
-2.66756 -2.62048 0.0470798
-2.66686 -2.61813 0.0487334
-2.66582 -2.61579 0.0500226
-2.66425 -2.61347 0.0507777
-2.66267 -2.61035 0.0523219
-2.65971 -2.60804 0.0516661
-2.65726 -2.6246 0.0326618
-2.65465 -2.62274 0.0319045
-2.65203 -2.62094 0.0310869
-2.64906 -2.6192 0.0298598
-2.64609 -2.61752 0.0285734
-2.6433 -2.61473 0.0285717
-2.63946 -2.61311 0.0263491
-2.63772 -2.61164 0.0260803
-2.63632 -2.60487 0.0314491
-2.6351 -2.60324 0.0318574
-2.6337 -2.60033 0.0333695
-2.63283 -2.59875 0.0340793
-2.63196 -2.59714 0.0348119
-2.63091 -2.59559 0.0353238
-2.62969 -2.59403 0.0356619
-2.62899 -2.59077 0.0382214
-2.62794 -2.56132 0.0666182
-2.62707 -2.55968 0.0673916
-2.62602 -2.55935 0.0666742
-2.6248 -2.55904 0.0657562
-2.62358 -2.55877 0.064807
-2.62218 -2.55853 0.0636567
-2.61922 -2.55698 0.0622382
-2.6166 -2.5568 0.0597974
-2.61363 -2.59406 0.0195683
-2.61049 -2.5935 0.0169846
-2.6077 -2.59302 0.0146745
-2.60508 -2.59041 0.0146702
-2.60229 -2.58999 0.0122946
-2.59775 -2.58964 0.00811172
-2.59583 -2.5894 0.00643089
-2.59443 -2.5892 0.0052327
-2.59356 -2.58601 0.00755287
-2.59304 -2.59838 -0.00534832
-2.59251 -2.59582 -0.00330497
-2.59181 -2.59326 -0.00144668
-2.59129 -2.59072 0.000571553
-2.59077 -2.58817 0.00259299
-2.59007 -2.58561 0.00445672
-2.58989 -2.58308 0.00681537
-2.59007 -2.58071 0.00935887
-2.59007 -2.57819 0.0118775
-2.59059 -2.57563 0.0149621
-2.59094 -2.57307 0.017872
-2.59112 -2.57053 0.020589
-2.59129 -2.56811 0.0231775
-2.59164 -2.56559 0.0260483
-2.59146 -2.56305 0.0284186
-2.59112 -2.56046 0.0306531
-2.59077 -2.5969 -0.00613339
-2.58989 -2.59537 -0.00548042
-2.58885 -2.59386 -0.00501355
-2.58745 -2.59231 -0.00486279
-2.5864 -2.59083 -0.00442823
-2.58536 -2.58935 -0.00399465
-2.58483 -2.58793 -0.00310088
-2.58536 -2.58654 -0.00117955
-2.58588 -2.58474 0.00113663
-2.58623 -2.58329 0.00294118
-2.58623 -2.58182 0.00440519
-2.58605 -2.58035 0.00570278
-2.58605 -2.57888 0.00717884
-2.58588 -2.57704 0.0088397
-2.58553 -2.5756 0.00993324
-2.58536 -2.57415 0.0112012
-2.58518 -2.57732 0.00786511
-2.58501 -2.57536 0.00964785
-2.58466 -2.57343 0.0112314
-2.58413 -2.5715 0.0126329
-2.58344 -2.56958 0.0138586
-2.58256 -2.56768 0.0148836
-2.58204 -2.56581 0.0162276
-2.58134 -2.56395 0.0173957
-2.58117 -2.56208 0.0190917
-2.58117 -2.55883 0.0223395
-2.58082 -2.55699 0.0238291
-2.58029 -2.55512 0.0251774
-2.57977 -2.55326 0.026514
-2.57872 -2.5514 0.0273252
-2.57785 -2.54812 0.0297266
-2.57733 -2.5463 0.0310299
-2.5768 -2.5445 0.0323014
-2.57593 -2.59049 -0.0145571
-2.57488 -2.58739 -0.0125058
-2.57384 -2.5844 -0.010559
-2.57209 -2.58074 -0.00864612
-2.57035 -2.57775 -0.00740763
-2.56825 -2.57484 -0.00658773
-2.56633 -2.57191 -0.00557424
-2.56581 -2.569 -0.00319061
-2.56633 -2.56548 0.000848453
-2.56703 -2.56253 0.00450464
-2.56755 -2.55961 0.00794109
-2.56808 -2.55675 0.0113276
-2.56825 -2.55383 0.0144269
-2.5686 -2.55012 0.0184823
-2.56878 -2.54716 0.021615
-2.56878 -2.54413 0.0246442
-2.56878 -2.54579 0.0229871
-2.56878 -2.54212 0.0266563
-2.56843 -2.53849 0.0299399
-2.5679 -2.5348 0.0331047
-2.56738 -2.52973 0.0376467
-2.56686 -2.52609 0.0407653
-2.56598 -2.52244 0.0435464
-2.56528 -2.51882 0.0464652
-2.56406 -2.31808 0.245987
-2.56302 -2.31329 0.249722
-2.56179 -2.30843 0.253362
-2.56057 -2.30397 0.256606
-2.55883 -2.29971 0.259118
-2.55691 -2.29531 0.261596
-2.55324 -2.29091 0.262336
-2.54556 -2.28663 0.25893
-2.52759 -2.2822 0.245382
-2.51519 -2.27861 0.23658
-2.5035 -2.27523 0.228275
-2.49146 -2.2721 0.219353
-2.47872 -2.26931 0.209409
-2.46563 -2.26664 0.19899
-2.45323 -2.26424 0.188997
-2.44206 -2.26215 0.179915
-2.42618 -2.26029 0.16589
-2.41571 -2.25875 0.156957
-2.40594 -2.25749 0.14845
-2.39669 -2.2564 0.140288
-2.38744 -2.25553 0.131906
-2.37853 -2.25485 0.123683
-2.37051 -2.25438 0.116131
-2.35969 -2.25411 0.105578
-2.35305 -2.25404 0.0990096
-2.34694 -2.4654 -0.118456
-2.34136 -2.46565 -0.124293
-2.33612 -2.46609 -0.129963
-2.33089 -2.4666 -0.135709
-2.326 -2.46722 -0.141219
-2.32181 -2.46794 -0.146129
-2.31989 -2.46878 -0.148891
-2.32338 -2.46966 -0.146276
-2.32949 -2.47048 -0.140984
-2.3363 -2.47112 -0.134818
-2.34258 -2.47161 -0.129028
-2.34834 -2.47197 -0.12363
-2.35427 -2.4722 -0.117922
-2.36091 -2.47235 -0.111443
-2.37155 -2.4723 -0.100743
-2.37784 -2.472 -0.094165
-2.38377 -2.47104 -0.0872739
-2.38936 -2.47053 -0.0811782
-2.39494 -2.4699 -0.0749546
-2.40035 -2.46913 -0.0687806
-2.40559 -2.46823 -0.0626449
-2.41292 -2.46727 -0.0543538
-2.41746 -2.46609 -0.0486383
-2.42147 -2.46481 -0.0433362
-2.42479 -2.46523 -0.040441
-2.42793 -2.46386 -0.03593
-2.43107 -2.46247 -0.0313991
-2.43351 -2.4609 -0.0273871
-2.43596 -2.45929 -0.0233354
-2.43945 -2.45763 -0.0181798
-2.44119 -2.45586 -0.0146694
-2.44294 -2.45416 -0.0112199
-2.44416 -2.45126 -0.00710301
-2.44503 -2.44949 -0.00445341
-2.4459 -2.44767 -0.00176341
-2.44695 -2.44585 0.00110225
-2.44782 -2.44398 0.00384842
-2.44887 -2.44207 0.00680042
-2.44974 -2.4402 0.00954134
-2.45044 -2.43838 0.0120614
-2.45079 -2.4364 0.014388
-2.45131 -2.43445 0.0168653
-2.45131 -2.43247 0.0188423
-2.44695 -2.20802 0.238929
-2.4466 -2.20623 0.240369
-2.44625 -2.20445 0.2418
-2.4459 -2.20276 0.243144
-2.44503 -2.20112 0.243907
-2.44433 -2.19959 0.244746
-2.40559 -2.19278 0.212805
-2.39477 -2.19213 0.202638
-2.37714 -2.19157 0.185572
-2.3534 -2.19144 0.161957
-2.30942 -2.19357 0.115849
-2.29563 -2.19508 0.100555
-2.26526 -2.20284 0.0624274
-2.25846 -2.20533 0.0531272
-2.25287 -2.20783 0.0450386
-2.2335 -2.21935 0.0141528
-2.22966 -2.22264 0.00701913
-2.22687 -2.22584 0.00102373
-2.22495 -2.22909 -0.00414576
-2.22303 -2.23127 -0.0082469
-2.22076 -2.23483 -0.0140744
-2.21866 -2.23845 -0.0197827
-2.21727 -2.24572 -0.0284534
-2.21901 -2.2606 -0.0415874
-2.22006 -2.2642 -0.0441407
-2.22093 -2.26793 -0.0469966
-2.2218 -2.27151 -0.0497094
-2.22285 -2.27508 -0.0522306
-2.22547 -2.28233 -0.0568581
-2.22704 -2.28592 -0.0588792
-2.22861 -2.28788 -0.0592646
-2.23594 -2.29831 -0.0623718
-2.24083 -2.30496 -0.0641291
-2.24345 -2.30818 -0.0647347
-2.24606 -2.31142 -0.0653565
-2.25584 -2.32073 -0.0648946
-2.26352 -2.32927 -0.0657568
-2.26683 -2.33201 -0.065179
-2.27032 -2.33469 -0.0643665
-2.27399 -2.33597 -0.0619842
-2.27923 -2.33854 -0.0593192
-2.28219 -2.34098 -0.0587905
-2.28516 -2.34339 -0.0582346
-2.30383 -2.35622 -0.052388
-2.30645 -2.35814 -0.0516828
-2.3089 -2.36001 -0.0511117
-2.315 -2.36522 -0.0502173
-2.31989 -2.36852 -0.0486298
-2.32164 -2.37006 -0.0484251
-2.32373 -2.37155 -0.0478226
-2.32583 -2.37297 -0.0471478
-2.32827 -2.37436 -0.0460932
-2.33054 -2.37575 -0.0452073
-2.33473 -2.37832 -0.0435966
-2.33857 -2.38061 -0.0420389
-2.34241 -2.38278 -0.0403761
-2.3445 -2.3838 -0.039304
-2.34642 -2.38479 -0.038368
-2.34817 -2.38564 -0.0374775
-2.35043 -2.38652 -0.0360843
-2.35637 -2.60264 -0.24627
-2.36283 -2.60407 -0.241244
-2.36457 -2.60413 -0.239556
-2.36684 -2.60447 -0.237633
-2.36824 -2.60476 -0.236519
-2.36946 -2.605 -0.235541
-2.37016 -2.6052 -0.235047
-2.37086 -2.39304 -0.0221811
-2.4117 -2.39244 0.0192563
-2.42164 -2.39174 0.0299043
-2.43264 -2.3908 0.0418361
-2.44503 -2.3895 0.05553
-2.48256 -2.37613 0.106428
-2.48099 -2.37363 0.107352
-2.47924 -2.37122 0.108025
-2.47732 -2.36894 0.108379
-2.47523 -2.36682 0.108402
-2.47174 -2.36469 0.107046
-2.44713 -2.35236 0.0947645
-2.44311 -2.35045 0.092659
-2.43648 -2.34855 0.0879259
-2.43264 -2.3462 0.0864438
-2.43002 -2.34453 0.0854908
-2.4274 -2.34296 0.0844412
-2.40803 -2.33682 0.0712141
-2.40349 -2.33571 0.0677788
-2.39983 -2.33474 0.0650865
-2.39651 -2.33386 0.0626478
-2.3932 -2.33644 0.0567508
-2.38953 -2.33507 0.0544592
-2.38552 -2.33376 0.0517553
-2.37574 -2.32935 0.0463879
-2.37208 -2.3274 0.0446811
-2.37068 -2.32647 0.044208
-2.36946 -2.32455 0.0449081
-2.36824 -2.32368 0.044557
-2.36684 -2.32283 0.0440078
-2.3644 -2.322 0.0423968
-2.36056 -2.3293 0.0312596
-2.35881 -2.32754 0.0312769
-2.35375 -2.32239 0.0313631
-2.35113 -2.32068 0.0304494
-2.35009 -2.31911 0.0309743
-2.34939 -2.31758 0.031807
-2.34817 -2.31455 0.0336183
-2.34677 -2.31303 0.0337437
-2.33926 -2.30431 0.0349586
-2.33787 -2.30296 0.0349131
-2.33682 -2.30162 0.0351987
-2.33577 -2.30033 0.0354456
-2.33455 -2.31075 0.0237986
-2.33333 -2.30785 0.0254777
-2.33036 -2.30213 0.0282372
-2.32652 -2.29371 0.0328113
-2.32548 -2.29099 0.0344898
-2.32443 -2.28824 0.03619
-2.32321 -2.28335 0.0398547
-2.32216 -2.28059 0.0415686
-2.32094 -2.27787 0.0430698
-2.3185 -2.26777 0.0507207
-2.31727 -2.26514 0.0521315
-2.25182 -2.25425 -0.00242449
-2.24938 -2.12052 0.128859
-2.24606 -2.11801 0.128059
-2.24362 -2.11564 0.127978
-2.24083 -2.10317 0.137662
-2.23786 -2.09953 0.138333
-2.23507 -2.09627 0.1388
-2.2335 -2.09344 0.140063
-2.23158 -2.09077 0.140806
-2.22774 -2.23763 -0.00989459
-2.21901 -2.23681 -0.0178027
-2.21273 -2.22678 -0.0140475
-2.20645 -2.226 -0.019553
-2.19999 -2.22535 -0.0253634
-2.19388 -2.22484 -0.0309587
-2.19021 -2.22443 -0.0342196
-2.19004 -2.22411 -0.0340684
-2.19388 -2.19988 -0.00599749
-2.19667 -2.19573 0.00093825
-2.19859 -2.19134 0.00725617
-2.20034 -2.18684 0.013501
-2.20156 -2.18258 0.0189765
-2.20243 -2.17847 0.0239587
-2.20295 -2.17125 0.0317067
-2.20278 -2.16693 0.0358508
-2.20278 -2.16234 0.040441
-2.20313 -2.15777 0.0453593
-2.20278 -2.15336 0.0494156
-2.20208 -2.14908 0.0530051
-2.20138 -2.14138 0.0600087
-2.20051 -2.13689 0.0636233
-2.19946 -2.13247 0.0669949
-2.19824 -2.12827 0.0699705
-2.19632 -2.12319 0.0731293
-2.1951 -2.11696 0.0781418
-2.19388 -2.11055 0.0833332
-2.19248 -2.10142 0.0910675
-2.19126 -2.09525 0.0960063
-2.19039 -2.08896 0.101429
-2.18986 -2.08283 0.107034
-2.18882 -2.07691 0.111908
-2.18847 -2.07076 0.117704
-2.18777 -2.06434 0.123429
-2.18672 -2.05509 0.131636
-2.1848 -2.04896 0.135845
-2.18149 -2.0428 0.13869
-2.17712 -2.03667 0.140455
-2.17259 -2.03068 0.141906
-2.16473 -2.02466 0.140073
-2.15932 -1.7298 0.429525
-2.15443 -1.72127 0.433159
-2.15007 -1.71247 0.4376
-2.14553 -1.70461 0.440918
-2.13995 -1.69781 0.442136
-2.13349 -1.68879 0.444696
-2.12494 -1.68121 0.443728
-2.10085 -1.67353 0.427321
-2.07886 -1.91211 0.166752
-2.05635 -1.90796 0.148387
-2.03488 -1.90415 0.130725
-2.01411 -1.90012 0.11399
-1.99229 -1.89328 0.0990159
-1.96925 -1.88993 0.079323
-1.93924 -1.88707 0.0521688
-1.92527 -1.88469 0.040581
-1.91585 -1.88259 0.0332598
-1.90782 -1.89761 0.0102082
-1.89997 -1.89338 0.00658429
-1.89403 -1.88907 0.00496419
-1.89124 -1.88502 0.00622206
-1.89072 -1.88109 0.00962606
-1.88949 -1.87706 0.0124337
-1.88845 -1.87294 0.0155042
-1.88792 -1.86687 0.0210531
-1.88792 -1.86291 0.0250095
-1.88757 -1.85892 0.0286492
-1.88688 -1.85486 0.0320181
-1.88565 -1.8508 0.0348564
-1.88461 -1.84675 0.0378521
-1.88338 -1.8406 0.0427882
-1.88251 -1.83655 0.0459656
-1.88164 -1.83261 0.0490277
-1.88077 -1.53401 0.346758
-1.87937 -1.52844 0.350929
-1.87797 -1.52283 0.355143
-1.87675 -1.51798 0.358776
-1.87501 -1.5135 0.361503
-1.87152 -1.50856 0.362955
-1.86523 -1.50343 0.3618
-1.85319 -1.49842 0.35477
-1.83713 -1.4928 0.34433
-1.82055 -1.48894 0.331616
-1.80432 -1.48513 0.319192
-1.78774 -1.48142 0.306317
-1.76174 -1.47799 0.283746
-1.74358 -1.47499 0.268595
-1.72648 -1.47237 0.254114
-1.71042 -1.47006 0.240367
-1.69489 -1.46735 0.22754
-1.6797 -1.46548 0.214222
-1.66522 -1.46387 0.201351
-1.65248 -1.46254 0.18994
-1.63537 -1.4614 0.173973
-1.62455 -1.46061 0.163941
-1.6146 -1.46001 0.154595
-1.60518 -1.45959 0.145593
-1.5961 -1.45934 0.136763
-1.5872 -1.45926 0.127942
-1.57865 -1.45935 0.119305
-1.57045 -1.4596 0.110848
-1.55928 -1.45996 0.0993145
-1.55264 -1.46057 0.0920748
-1.54619 -1.46131 0.0848804
-1.54008 -1.46218 0.0779017
-1.53414 -1.46536 0.0687841
-1.52873 -1.46648 0.0622508
-1.5235 -1.4677 0.0557935
-1.51687 -1.46903 0.0478375
-1.51337 -1.47047 0.0429027
-1.51041 -1.47202 0.0383841
-1.50744 -1.47359 0.0338468
-1.5043 -1.47521 0.0290875
-1.50151 -1.47541 0.0260951
-1.49906 -1.47716 0.021908
-1.49679 -1.47895 0.0178467
-1.4933 -1.48068 0.0126223
-1.49156 -1.48262 0.00893608
-1.48999 -1.48457 0.00541354
-1.48894 -1.48655 0.00239537
-1.48772 -1.48858 -0.000857052
-1.48667 -1.4923 -0.00562933
-1.48615 -1.49426 -0.0081113
-1.48545 -1.49624 -0.0107914
-1.48458 -1.4983 -0.0137239
-1.48423 -1.50037 -0.0161388
-1.48388 -1.5024 -0.0185232
-1.48388 -1.50445 -0.0205661
-1.4837 -1.5065 -0.0227972
-1.48388 -1.50854 -0.0246576
-1.48423 -1.51056 -0.0263277
-1.48475 -1.51236 -0.0276044
-1.48528 -1.51442 -0.0291423
-1.48597 -1.51639 -0.0304195
-1.48667 -1.51839 -0.0317213
-1.4872 -1.52038 -0.033184
-1.48789 -1.52236 -0.0344621
-1.48894 -1.52928 -0.0403437
-1.48981 -1.5311 -0.0412884
-1.49069 -1.5329 -0.0422154
-1.49138 -1.53462 -0.0432332
-1.49208 -1.53634 -0.0442592
-1.49313 -1.53808 -0.0449548
-1.49435 -1.53977 -0.0454226
-1.4954 -1.54143 -0.04603
-1.49627 -1.54451 -0.0482348
-1.49714 -1.54573 -0.0485839
-1.49871 -1.54738 -0.0486649
-1.49959 -1.549 -0.0494121
-1.50046 -1.5506 -0.0501418
-1.50133 -1.55218 -0.0508438
-1.50238 -1.55369 -0.0513146
-1.5036 -1.55479 -0.0511904
-1.505 -1.55972 -0.0547246
-1.50762 -1.56087 -0.0532579
-1.50936 -1.56199 -0.0526246
-1.51093 -1.56305 -0.0521164
-1.51268 -1.56407 -0.0513889
-1.51407 -1.56504 -0.0509691
-1.51582 -1.56601 -0.0501907
-1.51809 -1.56696 -0.0488767
-1.52018 -1.55905 -0.0388654
-1.5228 -1.55988 -0.0370844
-1.52455 -1.56066 -0.0361127
-1.52646 -1.5614 -0.0349359
-1.52838 -1.5621 -0.0337156
-1.53013 -1.56277 -0.0326437
-1.53188 -1.56284 -0.030965
-1.53345 -1.56343 -0.0299839
-1.53432 -1.56399 -0.0296687
-1.53554 -1.56869 -0.033148
-1.53641 -1.5688 -0.0323833
-1.53729 -1.56889 -0.0316001
-1.53816 -1.56896 -0.0308004
-1.53938 -1.56901 -0.0296327
-1.54095 -1.56904 -0.0280912
-1.54217 -1.56824 -0.0260706
-1.54357 -1.5682 -0.0246283
-1.54479 -1.5791 -0.0343101
-1.54566 -1.57942 -0.0337602
-1.54636 -1.57973 -0.0333685
-1.54689 -1.58002 -0.0331331
-1.54776 -1.57963 -0.0318707
-1.54828 -1.57987 -0.0315899
-1.54881 -1.58011 -0.0313056
-1.5509 -1.58034 -0.0294422
-1.55195 -1.5872 -0.0352492
-1.55282 -1.58691 -0.0340942
-1.55387 -1.58662 -0.0327518
-1.55526 -1.5863 -0.0310388
-1.55648 -1.58595 -0.0294674
-1.55753 -1.58464 -0.0271061
-1.55858 -1.58422 -0.0256403
-1.56015 -1.58378 -0.0236262
-1.56067 -1.56919 -0.00851867
-1.56137 -1.56838 -0.00700546
-1.56224 -1.56657 -0.00432931
-1.56294 -1.56571 -0.00276761
-1.56364 -1.56482 -0.00118053
-1.56469 -1.56392 0.000770473
-1.56608 -1.56297 0.00310953
-1.56643 -1.56201 0.00442581
-1.56661 -1.56422 0.0023867
-1.56678 -1.56254 0.00423837
-1.56678 -1.56087 0.0059094
-1.56661 -1.5579 0.00870415
-1.56661 -1.55616 0.0104501
-1.56643 -1.55441 0.012022
-1.56626 -1.55267 0.0135906
-1.56643 -1.55095 0.0154843
-1.56643 -1.54925 0.017187
-1.56608 -1.54625 0.0198381
-1.56556 -1.54453 0.0210265
-1.56504 -1.54281 0.022225
-1.56469 -1.54109 0.0235977
-1.56399 -1.53938 0.0246142
-1.56382 -1.53629 0.0275288
-1.56347 -1.53457 0.0288956
-1.56259 -1.56074 0.0018531
-1.56172 -1.55858 0.00313766
-1.56067 -1.55488 0.005789
-1.55945 -1.55271 0.00674492
-1.55823 -1.55055 0.00767601
-1.55666 -1.5484 0.00825863
-1.55614 -1.54627 0.00986832
-1.55579 -1.54259 0.0131935
-1.55596 -1.54047 0.0154924
-1.55579 -1.5384 0.0173834
-1.55509 -1.53632 0.0187731
-1.55404 -1.5342 0.0198377
-1.55352 -1.53039 0.0231287
-1.55247 -1.52827 0.0241978
-1.5516 -1.52619 0.0254073
-1.5509 -1.52414 0.0267612
-1.55003 -1.52209 0.0279387
-1.54846 -1.5382 0.0102585
-1.54654 -1.53391 0.0126236
-1.54479 -1.52961 0.0151841
-1.54305 -1.52533 0.0177168
-1.5399 -1.52108 0.0188249
-1.53833 -1.51694 0.0213969
-1.53694 -1.51279 0.0241432
-1.53537 -1.50865 0.0267178
-1.53432 -1.50453 0.0297901
-1.53362 -1.50042 0.0331958
-1.53275 -1.4964 0.0363448
-1.53083 -1.49234 0.0384833
-1.52978 -1.48822 0.0415576
-1.52856 -1.48191 0.0466446
-1.52699 -1.47788 0.0491067
-1.52542 -1.47392 0.0514931
-1.5242 -1.48425 0.0399452
-1.5228 -1.47903 0.0437665
-1.52088 -1.47377 0.0471137
-1.51774 -1.46837 0.0493729
-1.51547 -1.4632 0.0522649
-1.51303 -1.45808 0.0549494
-1.51041 -1.45295 0.0574533
-1.50831 -1.44794 0.0603781
-1.50604 -1.44292 0.0631277
-1.50343 -1.4379 0.0655235
-1.50098 -1.43046 0.0705244
-1.49784 -1.42551 0.0723309
-1.49557 -1.42065 0.0749263
-1.49313 -1.41576 0.0773696
-1.49051 -1.41088 0.0796266
-1.48772 -1.40375 0.0839677
-1.48475 -1.41119 0.073559
-1.48126 -1.4051 0.0761649
-1.4776 -1.39909 0.0785103
-1.47201 -1.39313 0.0788824
-1.468 -1.38712 0.0808775
-1.46398 -1.38128 0.0827027
-1.46067 -1.37557 0.0850924
-1.45718 -1.36764 0.0895336
-1.45368 -1.38981 0.0638745
-1.45019 -1.38448 0.0657166
-1.44496 -1.37911 0.065851
-1.44147 -1.37393 0.0675423
-1.43763 -1.36886 0.0687633
-1.43414 -1.36135 0.0727824
-1.43065 -1.35634 0.0743043
-1.42733 -1.35139 0.0759398
-1.42436 -1.40798 0.0163877
-1.42157 -1.40237 0.0192006
-1.41721 -1.3968 0.0204069
-1.41407 -1.39116 0.0229009
-1.41092 -1.38307 0.0278564
-1.40796 -1.37757 0.0303836
-1.40569 -1.37209 0.0335991
-1.40499 -1.3666 0.038388
-1.40499 -1.36105 0.0439406
-1.40447 -1.35558 0.0488861
-1.4029 -1.34754 0.0553529
-1.40167 -1.34194 0.0597328
-1.40028 -1.33651 0.0637633
-1.39871 -1.3311 0.067604
-1.39661 -1.32565 0.0709671
-1.39452 -1.31759 0.076924
-1.39295 -1.31214 0.0808027
-1.39015 -1.28678 0.103375
-1.38789 -1.27954 0.108348
-1.38509 -1.2724 0.112696
-1.3823 -1.26524 0.117062
-1.37933 -1.25832 0.121012
-1.37619 -1.24919 0.127005
-1.37235 -1.24213 0.130226
-1.36799 -1.23507 0.132916
-1.36031 -1.22808 0.132228
-1.35525 -1.22142 0.133825
-1.35036 -1.21476 0.135601
-1.34495 -1.20588 0.139072
-1.33919 -1.19933 0.139856
-1.33326 -1.19281 0.14045
-1.32715 -1.1865 0.140652
-1.32087 -1.18033 0.140538
-1.31074 -1.16035 0.150396
-1.30394 -1.15526 0.148673
-1.29713 -1.15037 0.146756
-1.29032 -1.14309 0.147234
-1.28352 -1.13841 0.145101
-1.27706 -1.13385 0.14321
-1.27077 -1.12941 0.141366
-1.26065 -1.12515 0.135503
-1.25384 -1.12104 0.132804
-1.24721 -1.11448 0.132737
-1.24093 -1.11052 0.130412
-1.2343 -1.10685 0.127447
-1.22749 -1.10325 0.124242
-1.22068 -1.09974 0.120941
-1.21405 -1.0964 0.117654
-1.20393 -1.09037 0.113554
-1.19782 -1.09651 0.101306
-1.19223 -1.09197 0.100266
-1.18682 -1.08753 0.0992921
-1.18141 -1.0832 0.0982132
-1.176 -1.07885 0.0971573
-1.17077 -1.07468 0.096091
-1.16605 -1.0686 0.0974563
-1.1596 -1.06456 0.0950344
-1.15593 -1.13003 0.0259055
-1.15209 -1.12673 0.0253608
-1.14773 -1.12345 0.0242741
-1.14337 -1.11767 0.0256937
-1.139 -1.11448 0.0245187
-1.13446 -1.11144 0.0230242
-1.12958 -1.10845 0.0211225
-1.12836 -1.10552 0.022835
-1.12783 -1.13798 -0.0101505
-1.12713 -1.13325 -0.0061139
-1.12626 -1.12857 -0.00231012
-1.12574 -1.12387 0.00186259
-1.12486 -1.11923 0.00563097
-1.12347 -1.11449 0.00897686
-1.12207 -1.10732 0.0147523
-1.12225 -1.1026 0.0196505
-1.12207 -1.09797 0.024103
-1.1219 -1.09323 0.0286704
-1.12155 -1.08851 0.0330412
-1.1212 -1.08381 0.0373859
-1.1205 -1.07599 0.0445128
-1.1198 -1.07118 0.0486212
-1.11823 -1.06644 0.051795
-1.11666 -1.06175 0.0549165
-1.11474 -1.01701 0.0977303
-1.113 -1.01238 0.100612
-1.11125 -1.00795 0.103303
-1.10951 -1.00357 0.105935
-1.10759 -0.9971 0.110486
-1.10479 -0.992694 0.1121
-1.10235 -0.988266 0.114084
-1.09921 -0.983912 0.115297
-1.09519 -0.979722 0.115472
-1.09101 -0.975687 0.115318
-1.08612 -0.969457 0.116662
-1.08053 -0.965438 0.115095
-1.07477 -0.961559 0.113215
-1.06622 -0.957843 0.108378
-1.06029 -0.954284 0.106004
-1.05453 -0.950847 0.103681
-1.04894 -0.954707 0.0942362
-1.04318 -0.949045 0.0941384
-1.03742 -0.944495 0.092929
-1.03236 -0.940062 0.0923006
-1.02765 -0.935833 0.091817
-1.02049 -0.931648 0.0888456
-1.01596 -0.927587 0.0883693
-1.01159 -0.922427 0.0891654
-1.0074 -0.918523 0.0888813
-1.00287 -0.914727 0.0881393
-0.998154 -0.911003 0.0871512
-0.993965 -0.907419 0.086546
-0.987682 -0.902403 0.0852789
-0.983144 -0.898945 0.0841985
-0.978955 -0.895604 0.0833516
-0.97529 -0.89235 0.0829401
-0.97145 -0.873599 0.0978509
-0.967611 -0.870606 0.0970042
-0.963945 -0.867627 0.0963186
-0.960106 -0.864811 0.095295
-0.953822 -0.860904 0.0929188
-0.949634 -0.858279 0.0913551
-0.945445 -0.855728 0.0897169
-0.941082 -0.853253 0.0878285
-0.936544 -0.850859 0.0856849
-0.93218 -0.84859 0.0835901
-0.927992 -0.845267 0.0827244
-0.923628 -0.84317 0.0804583
-0.916472 -0.841084 0.0753888
-0.91176 -0.839212 0.0725476
-0.907048 -0.837465 0.0695831
-0.902684 -0.835799 0.0668856
-0.898321 -0.817462 0.0808587
-0.894132 -0.816128 0.0780043
-0.890118 -0.813721 0.0763968
-0.885929 -0.812526 0.0734029
-0.880868 -0.81143 0.0694378
-0.877726 -0.810456 0.0672705
-0.874235 -0.809528 0.0647076
-0.87057 -0.808667 0.0619029
-0.867429 -0.806735 0.0606931
-0.864636 -0.806006 0.0586301
-0.861844 -0.805354 0.0564895
-0.857829 -0.804752 0.053077
-0.855037 -0.804245 0.0507916
-0.852244 -0.802633 0.0496111
-0.849452 -0.802211 0.0472407
-0.847008 -0.801866 0.0451424
-0.844739 -0.815215 0.0295243
-0.842121 -0.813896 0.0282254
-0.840027 -0.81262 0.0274066
-0.836536 -0.811392 0.0251445
-0.834267 -0.810261 0.0240063
-0.832173 -0.809162 0.0230112
-0.830602 -0.808145 0.0224568
-0.829206 -0.807163 0.0220429
-0.827984 -0.806172 0.0218124
-0.826588 -0.805214 0.0213743
-0.825366 -0.804292 0.0210742
-0.823272 -0.803382 0.0198895
-0.82205 -0.80253 0.0195201
-0.820828 -0.801729 0.0190998
-0.819432 -0.800931 0.0185009
-0.818036 -0.800169 0.0178663
-0.816989 -0.799439 0.0175496
-0.816116 -0.798732 0.017384
-0.81472 -0.798044 0.0166752
-0.813672 -0.797399 0.0162731
-0.812625 -0.796767 0.0158587
-0.811055 -0.79615 0.0149043
-0.809658 -0.795573 0.0140857
-0.808611 -0.795036 0.0135753
-0.807564 -0.794522 0.0130418
-0.806517 -0.794026 0.0124908
-0.80512 -0.79355 0.01157
-0.804073 -0.793099 0.0109744
-0.803201 -0.792676 0.0105246
-0.802502 -0.792284 0.0102182
-0.801804 -0.791908 0.00989637
-0.800932 -0.791536 0.0093952
-0.800408 -0.791179 0.00922929
-0.800059 -0.790833 0.00922586
-0.799186 -0.790494 0.00869267
-0.798837 -0.790185 0.00865229
-0.798314 -0.789886 0.00842784
-0.797615 -0.789595 0.00802052
-0.796743 -0.789317 0.00742606
-0.796045 -0.789061 0.00698337
-0.795347 -0.78882 0.00652632
-0.794474 -0.788592 0.00588148
-0.79395 -0.788387 0.0055634
-0.793252 -0.78819 0.00506221
-0.792379 -0.788009 0.00437041
-0.791507 -0.78785 0.00365672
-0.791158 -0.787712 0.00344599
-0.791158 -0.787581 0.00357641
-0.790809 -0.787451 0.00335777
-0.79046 -0.787326 0.0031333
-0.790111 -0.78721 0.00290015
-0.789761 -0.787101 0.00266021
-0.789761 -0.787003 0.00275845
-0.789761 -0.786906 0.00285559
-0.789412 -0.786807 0.00260589
-0.789238 -0.786715 0.00252328
-0.789238 -0.786628 0.00260974
-0.788714 -0.78654 0.00217457
-0.78854 -0.786464 0.00207555
-0.788365 -0.786394 0.00197136
-0.787842 -0.786327 0.00151457
-0.787318 -0.786272 0.0010463
-0.787318 -0.786228 0.00109051
-0.787143 -0.786184 0.000959947
-0.78662 -0.786143 0.000476541
-0.786445 -0.786116 0.000329674
-0.786271 -0.786092 0.000178721
-0.785398 -0.786072 -0.000674294
-0.7847 -0.786072 -0.00137243
-0.783827 -0.786088 -0.00226072
-0.78278 -0.786124 -0.00334389
-0.781733 -0.786183 -0.00445037
-0.78086 -0.786267 -0.00540697
-0.780511 -0.786372 -0.00586112
-0.780511 -0.786485 -0.00597366
-0.78086 -0.786598 -0.00573776
-0.78086 -0.786699 -0.00583878
-0.780686 -0.786802 -0.00611607
-0.780686 -0.78691 -0.00622459
-0.780511 -0.787018 -0.00650644
-0.779988 -0.787131 -0.0071432
-0.780686 2.17081 2.95149
-0.780686 2.17081 2.95149
-0.780686 2.17081 2.95149
-0.780686 2.17081 2.95149
-0.780686 2.17081 2.95149
-0.780686 2.17081 2.95149
-0.780686 2.17081 2.95149
-0.780686 2.17081 2.95149
-0.780686 2.1708 2.95149
-0.78086 2.1708 2.95166
-0.780337 2.17079 2.95113
-0.774577 2.17079 2.94537
-0.75852 2.17079 2.92931
-0.733038 2.17079 2.90382
-0.698655 2.17075 2.86941
-0.655546 2.17068 2.82623
-0.573341 2.17055 2.74389
-0.507367 2.1704 2.67777
-0.434412 2.17027 2.60469
-0.356222 2.17023 2.52646
-0.274191 2.17028 2.44447
-0.18867 2.17017 2.35884
-0.100007 2.17017 2.27017
-0.00872665 2.17009 2.17882
0.131598 2.17111 2.03951
0.226369 2.17332 1.94695
0.320966 2.17652 1.85556
0.415737 2.18078 1.76505
0.510334 2.18662 1.67628
0.604931 2.19325 1.58832
0.699528 2.20128 1.50176
0.839154 2.21044 1.37129
0.928515 2.21967 1.29116
1.01473 2.22898 1.21425
1.09781 2.23953 1.14172
1.17792 2.25085 1.07293
1.25454 2.26236 1.00781
1.32732 2.27419 0.946867
1.39574 2.28538 0.88964
1.48999 2.29591 0.805922
1.54793 2.30613 0.758199
1.60256 2.3167 0.714143
1.65387 2.32754 0.673665
1.70205 2.33737 0.63533
1.74673 2.34666 0.599938
1.78792 2.35542 0.567509
1.8785 2.37241 0.493912
1.91148 2.38027 0.468789
1.94203 2.38744 0.445412
1.9703 2.394 0.423698
1.99735 2.4003 0.402947
2.02388 2.40643 0.382549
2.04989 2.41249 0.362605
2.08584 2.41804 0.332193
2.10749 2.20433 0.0968499
2.1286 2.20867 0.0800704
2.1492 2.2129 0.0636976
2.1691 2.21739 0.0482961
2.18847 2.2215 0.0330338
2.20679 2.22511 0.0183174
2.22146 2.22834 0.00688471
2.23385 2.23135 -0.00249767
2.23838 2.23398 -0.00440604
2.24257 2.23654 -0.0060303
2.24676 2.23923 -0.0075318
2.24938 2.24196 -0.007419
2.25043 2.24448 -0.00594285
2.25095 2.24691 -0.00404062
2.25217 2.24931 -0.00286074
2.25427 2.25172 -0.00254469
2.25566 2.25415 -0.00150913
2.25723 2.25667 -0.000563117
2.25863 2.25835 -0.000277823
2.25968 2.26063 0.000955184
2.2609 2.26285 0.00195028
2.26264 2.26516 0.00251797
2.26544 2.26752 0.0020779
2.26701 2.26978 0.00277559
2.26823 2.27199 0.00376388
2.26963 2.27413 0.00449902
2.27277 2.27836 0.00559049
2.27434 2.2805 0.00615906
2.27626 2.28261 0.00634758
2.27853 2.28465 0.00612315
2.2801 2.28657 0.00647662
2.28237 2.28852 0.00615183
2.28481 2.29045 0.005644
2.28673 2.29235 0.00562349
2.28882 2.51213 0.223301
2.29074 2.51378 0.223031
2.29284 2.51542 0.222579
2.29546 2.51687 0.221418
2.29755 2.5183 0.220751
2.29999 2.51967 0.219678
2.30191 2.52107 0.219156
2.30575 2.52239 0.216633
2.31413 2.52362 0.209492
2.326 2.52453 0.198529
2.3445 2.5254 0.180902
2.35619 2.52594 0.169744
2.36789 2.52625 0.158365
2.38011 2.52635 0.14624
2.3925 2.52622 0.133718
2.40454 2.52565 0.121109
2.41536 2.52504 0.10968
2.42531 2.52424 0.0989268
2.43962 2.53133 0.0917058
2.448 2.52978 0.0817777
2.45568 2.52803 0.0723554
2.46283 2.52613 0.0632962
2.46929 2.52411 0.0548219
2.47558 2.52194 0.0463699
2.48133 2.51967 0.0383333
2.48675 2.51675 0.0300031
2.49442 2.52104 0.0266137
2.49949 2.51865 0.0191623
2.5042 2.51609 0.0118957
2.50821 2.51349 0.00527956
2.51188 2.51084 -0.00103512
2.51554 2.50777 -0.0077712
2.51886 2.50488 -0.0139804
2.52357 2.5019 -0.0216732
2.52636 2.49884 -0.0275253
2.52881 2.49065 -0.0381592
2.5309 2.48672 -0.0441775
2.53212 2.48283 -0.0492953
2.53317 2.47883 -0.0543415
2.53422 2.47478 -0.0594381
2.53492 2.47073 -0.064186
2.53527 2.46679 -0.0684768
2.53527 2.46284 -0.0724295
2.53492 2.45466 -0.0802521
2.53439 2.45076 -0.0836359
2.53387 2.44595 -0.0879165
2.533 2.44186 -0.0911316
2.53195 2.43784 -0.0941079
2.5302 2.43381 -0.096394
2.52933 2.42983 -0.0994964
2.52811 2.42597 -0.102136
2.52497 2.22474 -0.300226
2.52305 2.22132 -0.301732
2.52095 2.21797 -0.30298
2.51851 2.21495 -0.303565
2.51694 2.21138 -0.305558
2.51502 2.20832 -0.306702
2.51153 2.20517 -0.306358
2.50437 2.20215 -0.302218
2.4939 2.18854 -0.305358
2.48291 2.18619 -0.296717
2.47278 2.18356 -0.289227
2.45655 2.18149 -0.275064
2.44398 2.17973 -0.264253
2.43142 2.17819 -0.25323
2.4192 2.17688 -0.242321
2.40716 2.17585 -0.231309
2.39512 2.38204 -0.0130729
2.38307 2.38081 -0.00226751
2.3712 2.37979 0.00858154
2.35497 2.37888 0.0239069
2.3452 2.37836 0.0331636
2.33612 2.37726 0.0411353
2.32984 2.37713 0.0472929
2.32844 2.37714 0.0486934
2.33071 2.37717 0.046457
2.33351 2.37716 0.0436506
2.33734 2.37708 0.0397363
2.34031 2.37599 0.0356753
2.34293 2.37576 0.032826
2.34555 2.37547 0.0299243
2.34817 2.37514 0.0269709
2.35113 2.37474 0.0236027
2.35393 2.37274 0.0188141
2.35654 2.37723 0.0206831
2.36091 2.37589 0.0149796
2.36387 2.37446 0.0105907
2.36649 2.37175 0.00525356
2.36894 2.37015 0.00120998
2.37138 2.36849 -0.00288543
2.37347 2.36681 -0.0066631
2.37539 2.36511 -0.0102786
2.37731 2.36336 -0.0139553
2.38063 2.34433 -0.0362976
2.3822 2.34204 -0.0401551
2.38342 2.33975 -0.0436696
2.38447 2.33743 -0.0470359
2.38499 2.33512 -0.0498727
2.38534 2.33134 -0.0540037
2.38552 2.32893 -0.0565835
2.38534 2.32651 -0.0588332
2.38464 2.29592 -0.0887205
2.38429 2.29205 -0.0922407
2.38342 2.28816 -0.095257
2.3822 2.28429 -0.0979094
2.38098 2.28044 -0.10054
2.37976 2.27511 -0.10465
2.37766 2.27127 -0.106393
2.37574 2.26747 -0.10827
2.37365 2.26374 -0.109913
2.3712 2.26004 -0.111166
2.36876 2.25648 -0.112281
2.36649 2.25136 -0.115131
2.3637 2.24786 -0.115837
2.36038 2.24442 -0.115964
2.35532 2.24093 -0.114389
2.35218 2.23761 -0.114568
2.34852 2.24175 -0.106768
2.34502 2.2372 -0.10782
2.34118 2.2327 -0.108487
2.33734 2.22824 -0.109109
2.33351 2.22393 -0.109578
2.32844 2.21953 -0.108913
2.32565 2.21531 -0.110339
2.32303 2.21125 -0.111784
2.32059 2.20716 -0.113432
2.31797 2.20148 -0.116496
2.31518 2.1974 -0.11778
2.31239 2.1934 -0.118985
2.30977 2.18943 -0.120335
2.30506 2.18554 -0.119515
2.30191 2.18177 -0.120149
2.29912 2.17637 -0.122748
2.29616 2.17257 -0.123587
2.29284 2.18286 -0.109979
2.2897 2.17788 -0.11182
2.28638 2.17292 -0.113463
2.28219 2.16792 -0.114268
2.27556 2.16289 -0.112672
2.27155 2.15795 -0.113595
2.26753 2.15327 -0.114266
2.26404 2.14874 -0.115301
2.2609 2.14428 -0.116621
2.25374 2.13526 -0.118484
2.24833 2.13083 -0.117505
2.24502 2.12515 -0.119871
2.24153 2.12099 -0.120539
2.23804 2.11692 -0.121115
2.23402 2.11285 -0.121176
2.23001 2.10885 -0.121158
2.22163 2.0723 -0.14933
2.21552 2.06925 -0.146275
2.21151 2.06635 -0.145152
2.20767 2.06353 -0.14414
2.20365 2.06078 -0.142873
2.19964 2.05815 -0.141491
2.1958 2.05555 -0.14025
2.19144 2.05078 -0.140654
2.18655 2.04835 -0.138196
2.17887 2.04597 -0.132903
2.17398 2.04374 -0.130244
2.16927 2.0416 -0.127669
2.16473 2.03962 -0.125108
2.16037 2.03546 -0.124905
2.15566 2.0336 -0.122056
2.15077 2.03179 -0.118979
2.1396 2.03913 -0.100473
2.13541 2.03519 -0.100217
2.13157 2.03188 -0.0996952
2.12738 2.02862 -0.0987651
2.12354 2.02544 -0.0980975
2.12005 2.02241 -0.0976435
2.11691 2.01942 -0.0974857
2.11255 2.01566 -0.0968887
2.10993 2.01279 -0.0971341
2.10696 2.00997 -0.0969933
2.10365 2.00719 -0.0964583
2.10033 2.00456 -0.0957724
2.09754 2.00019 -0.097345
2.09474 1.99762 -0.0971241
2.09195 1.99514 -0.0968146
2.08846 1.99265 -0.0958098
2.08218 1.99988 -0.0822946
2.07886 1.99533 -0.0835282
2.07555 1.99085 -0.0846992
2.07223 1.98648 -0.0857541
2.06874 1.98222 -0.0865195
2.06455 1.97787 -0.086675
2.06176 1.97369 -0.0880679
2.05896 1.96961 -0.0893573
2.05652 1.96551 -0.0910162
2.05408 1.96147 -0.0926035
2.05111 1.95609 -0.0950203
2.04832 1.95218 -0.0961347
2.0457 1.94821 -0.0974866
2.04099 1.94437 -0.0966221
2.0375 1.94068 -0.0968161
2.03401 1.93698 -0.0970297
2.03034 1.93917 -0.0911669
2.0265 1.93494 -0.0915574
2.02284 1.93063 -0.092205
2.01917 1.92639 -0.092781
2.01568 1.92222 -0.0934593
2.01062 1.91807 -0.0925471
2.0073 1.91407 -0.0932292
2.00399 1.90736 -0.0966264
2.00067 1.90351 -0.0971654
1.99735 1.82289 -0.174461
1.99334 1.82007 -0.173266
1.9895 1.81732 -0.172176
1.98461 1.8147 -0.169909
1.98147 1.81229 -0.169178
1.97851 1.80849 -0.170012
1.97484 1.80606 -0.168778
1.96995 1.80375 -0.166202
1.96402 1.84413 -0.119891
1.95739 1.8392 -0.118189
1.95041 1.83439 -0.116012
1.93906 1.82966 -0.109396
1.93138 1.82505 -0.10633
1.92353 1.82054 -0.102988
1.91637 1.81632 -0.100054
1.91044 1.81231 -0.0981248
1.90555 1.80835 -0.0971977
1.90119 1.80325 -0.0979369
1.897 1.79929 -0.0977067
1.89124 1.7954 -0.0958406
1.88827 1.79185 -0.0964264
1.88548 1.78835 -0.0971279
1.88216 1.78371 -0.0984486
1.8785 1.78019 -0.0983033
1.87518 1.77669 -0.0984918
1.8682 1.77602 -0.0921847
1.86523 1.77227 -0.0929654
1.86192 1.76846 -0.0934523
1.85808 1.76464 -0.0934371
1.85389 1.759 -0.0948857
1.85022 1.75537 -0.0948545
1.84691 1.7519 -0.0950122
1.84324 1.74855 -0.0946918
1.83766 1.74508 -0.0925803
1.83347 1.73972 -0.0937472
1.82945 1.73643 -0.093021
1.82596 1.73331 -0.0926581
1.823 1.73021 -0.0927827
1.8202 1.72724 -0.0929656
1.81706 1.7243 -0.0927592
1.8141 1.71922 -0.0948728
1.80903 1.72708 -0.0819574
1.80607 1.72263 -0.0834364
1.80345 1.71832 -0.0851297
1.80066 1.71406 -0.0865984
1.79769 1.70985 -0.0878386
1.7949 1.70558 -0.0893188
1.79176 1.70133 -0.0904218
1.78687 1.69725 -0.0896174
1.7839 1.69327 -0.0906326
1.77675 1.68538 -0.0913677
1.77308 1.68152 -0.0915558
1.76976 1.67782 -0.0919415
1.76662 1.67425 -0.092369
1.76331 1.67071 -0.0925999
1.75894 1.66717 -0.0917768
1.75598 1.66378 -0.092197
1.75301 1.66116 -0.091846
1.74952 1.6578 -0.0917192
1.74568 1.65457 -0.0911118
1.74149 1.65123 -0.0902559
1.7373 1.64815 -0.0891547
1.73329 1.64518 -0.088104
1.72735 1.64227 -0.085084
1.72386 1.63948 -0.0843813
1.7202 1.63673 -0.0834621
1.71653 1.63389 -0.082641
1.71304 1.63139 -0.0816525
1.70955 1.62886 -0.0806944
1.70554 1.6264 -0.0791369
1.70013 1.62402 -0.0761095
1.69646 1.62152 -0.0749358
1.69279 1.61942 -0.073372
1.68948 1.61736 -0.0721167
1.68302 1.61407 -0.0689536
1.67988 1.61204 -0.0678348
1.67744 1.61008 -0.0673578
1.67412 1.60816 -0.0659551
1.6715 1.60634 -0.0651569
1.66906 1.60413 -0.0649324
1.66644 1.60238 -0.0640649
1.66365 1.60073 -0.0629163
1.66086 1.59911 -0.0617462
1.65806 1.59756 -0.0605061
1.6551 1.59559 -0.0595016
1.65038 1.59413 -0.0562527
1.64742 1.59278 -0.0546371
1.6441 1.59152 -0.052585
1.64113 1.59032 -0.0508103
1.63799 1.58917 -0.048817
1.63468 1.59503 -0.0396489
1.63153 1.59324 -0.0382957
1.62734 1.59149 -0.0358562
1.62473 1.58985 -0.034875
1.62193 1.58831 -0.0336251
1.61932 1.58682 -0.032498
1.6167 1.58539 -0.0313057
1.61426 1.58398 -0.0302715
1.61234 1.58264 -0.029691
1.61076 1.58132 -0.0294397
1.60797 1.58005 -0.0279243
1.60658 1.57886 -0.027715
1.605 1.5767 -0.0283024
1.60326 1.57553 -0.0277271
1.60169 1.57441 -0.0272745
1.60082 1.57331 -0.0275041
1.59977 1.57224 -0.0275335
1.59907 1.57804 -0.0210311
1.59837 1.57629 -0.02208
1.59767 1.57454 -0.0231335
1.5968 1.57281 -0.0239873
1.5961 1.57111 -0.0249964
1.59558 1.56946 -0.0261166
1.59471 1.56781 -0.0268957
1.59401 1.56617 -0.0278398
1.59296 1.5645 -0.0284664
1.59191 1.56153 -0.0303836
1.59104 1.5599 -0.0311399
1.59017 1.5583 -0.0318676
1.58895 1.55676 -0.0321909
1.58773 1.55521 -0.0325144
1.5865 1.55231 -0.0341935
1.58511 1.55077 -0.0343355
1.58371 1.54927 -0.0344377
1.58284 1.55477 -0.0280652
1.58162 1.55243 -0.0291839
1.58005 1.55009 -0.0299549
1.5783 1.54773 -0.0305713
1.57638 1.54542 -0.0309617
1.57481 1.54141 -0.0334032
1.57359 1.53915 -0.0344415
1.57237 1.5369 -0.0354661
1.57149 1.53473 -0.0367627
1.57062 1.53254 -0.0380784
1.56992 1.52859 -0.0413298
1.56905 1.52643 -0.0426255
1.56818 1.52429 -0.0438902
1.56731 1.52213 -0.0451733
1.56539 1.51998 -0.0454024
1.56399 1.51789 -0.0461007
1.56259 1.51377 -0.0488276
1.56102 1.51767 -0.0433559
1.55928 1.5145 -0.0447734
1.55788 1.50909 -0.0487893
1.55648 1.50585 -0.0506322
1.55456 1.50268 -0.051886
1.55177 1.49949 -0.0522811
1.55003 1.4964 -0.0536277
1.54776 1.49115 -0.0566098
1.54549 1.48811 -0.057379
1.54305 1.48507 -0.0579768
1.54025 1.48208 -0.0581725
1.53746 1.47922 -0.0582409
1.53467 1.47384 -0.0608272
1.53048 1.471 -0.059483
1.52769 1.46829 -0.0593959
1.52507 1.46558 -0.0594843
1.52245 1.46294 -0.0595149
1.52001 1.4738 -0.0462055
1.51791 1.46809 -0.0498253
1.51547 1.46234 -0.0531341
1.51163 1.45659 -0.0550437
1.50936 1.45097 -0.0583939
1.50674 1.44532 -0.0614257
1.50447 1.43971 -0.0647647
1.50273 1.43414 -0.0685923
1.50098 1.42868 -0.0723003
1.49906 1.42322 -0.0758402
1.49679 1.41786 -0.0789391
1.49313 1.40926 -0.0838702
1.49016 1.40384 -0.0863246
1.48754 1.39844 -0.0891057
1.4851 1.39315 -0.0919539
1.48248 1.38802 -0.0944636
1.47934 1.37968 -0.0996618
1.47602 1.38388 -0.0921485
1.47219 1.3769 -0.0952843
1.4673 1.36998 -0.0973196
1.46433 1.36317 -0.10116
1.46102 1.35644 -0.104573
1.45752 1.34972 -0.107805
1.45421 1.33978 -0.114432
1.45072 1.33313 -0.11759
1.44112 1.32 -0.121121
1.43693 1.31364 -0.12329
1.43239 1.30417 -0.128226
1.4275 1.29782 -0.129687
1.42227 1.2917 -0.130567
1.41668 1.28572 -0.130969
1.4111 1.27969 -0.131409
1.40516 1.27012 -0.135047
1.39626 1.26788 -0.128382
1.39103 1.25725 -0.133779
1.38579 1.24992 -0.135868
1.38073 1.24272 -0.138013
1.37584 1.2355 -0.140342
1.37026 1.22827 -0.141984
1.36415 1.21804 -0.146106
1.35822 1.21091 -0.147309
1.35001 1.20391 -0.146103
1.34443 1.19726 -0.147168
1.33849 1.19055 -0.147946
1.33204 1.18047 -0.151567
1.3254 1.17395 -0.151456
1.31877 1.16743 -0.151337
1.31214 1.16119 -0.150945
1.30533 1.15518 -0.150147
1.29486 1.14913 -0.145734
1.28718 1.13663 -0.150546
1.27933 1.12651 -0.152817
1.27217 1.11904 -0.153135
1.26554 1.11202 -0.153515
1.25891 1.10512 -0.153787
1.2521 1.09812 -0.153981
1.24145 1.08832 -0.153128
1.23395 1.08154 -0.152404
1.22679 1.07494 -0.151853
1.21999 1.0685 -0.151482
1.21335 1.06227 -0.151086
1.20672 1.05597 -0.150752
1.19991 1.04594 -0.15397
1.19276 1.0399 -0.152862
1.18281 1.03392 -0.148894
1.176 1.02827 -0.147734
1.16902 1.02266 -0.146366
1.16256 0.970607 -0.191957
1.15593 0.965385 -0.190546
1.14912 0.960362 -0.188763
1.14232 0.955452 -0.186866
1.13534 0.948304 -0.187033
1.12521 0.94366 -0.181554
1.11858 0.939151 -0.179431
1.11125 0.934836 -0.176415
1.10322 0.930775 -0.172448
1.09485 0.924147 -0.170698
1.08629 0.920328 -0.165965
1.07739 0.916648 -0.160744
1.06465 0.91312 -0.151531
1.05592 0.909945 -0.145979
1.04737 0.903145 -0.144227
1.03934 0.900226 -0.139118
1.03149 0.897561 -0.133929
1.02364 0.903718 -0.119918
1.01596 0.898558 -0.117398
1.0088 0.893499 -0.115302
0.998852 0.88856 -0.110292
0.992569 0.883859 -0.108709
0.98646 0.879369 -0.107091
0.980701 0.875013 -0.105688
0.975115 0.870695 -0.10442
0.969705 0.866594 -0.103111
0.96412 0.862581 -0.101539
0.958884 0.858663 -0.100221
0.950855 0.8549 -0.0959551
0.944921 0.851398 -0.0935229
0.938638 0.847952 -0.0906857
0.932355 0.84462 -0.0877349
0.926246 0.841384 -0.084862
0.920661 0.838056 -0.0826057
0.915425 0.83489 -0.080535
0.909142 0.831879 -0.0772631
0.906699 0.829075 -0.077624
0.904779 0.826371 -0.0784076
0.90251 0.823603 -0.0789066
0.900066 0.820857 -0.0792091
0.898321 0.818139 -0.0801824
0.896925 0.815547 -0.0813777
0.896052 0.813026 -0.0830256
0.894481 0.810529 -0.0839526
0.89326 0.808052 -0.0852076
0.892212 0.805561 -0.0866511
0.890642 0.803108 -0.0875334
0.888547 0.800755 -0.0877917
0.886104 0.798439 -0.087665
0.883311 0.796164 -0.0871474
0.879471 0.793766 -0.0857056
0.873188 0.79158 -0.0816084
0.868825 0.789596 -0.0792288
0.864113 0.787764 -0.0763483
0.858877 0.786026 -0.0728502
0.853466 0.784386 -0.0690799
0.848055 0.782893 -0.0651623
0.843518 0.781504 -0.0620136
0.838805 0.780194 -0.0586111
0.83706 0.778998 -0.0580618
0.836013 0.777855 -0.058158
0.83514 0.77672 -0.0584202
0.834093 0.775601 -0.0584919
0.832871 0.774494 -0.0583775
0.831475 0.77345 -0.0580245
0.829555 0.77245 -0.0571052
0.825541 0.771486 -0.0540546
0.821701 0.980909 0.159208
0.818036 0.980171 0.162135
0.814022 0.979513 0.165491
0.809833 0.978997 0.169164
0.805644 0.97854 0.172896
0.801979 0.97817 0.176191
0.800757 0.977876 0.177119
0.807738 0.977604 0.169866
0.815941 0.977194 0.161253
0.824668 0.976652 0.151984
0.833744 0.975885 0.142141
0.842994 0.974938 0.131944
0.852593 0.973772 0.121179
0.861844 0.972394 0.110551
0.873712 0.970808 0.0970965
0.880693 0.968979 0.0882854
0.8875 0.967021 0.0795214
0.893958 0.752529 -0.141429
0.899892 0.750148 -0.149744
0.905302 0.747604 -0.157698
0.910538 0.744956 -0.165582
0.915251 0.742257 -0.172994
0.919614 0.739424 -0.18019
0.919439 0.736479 -0.18296
0.914902 0.733493 -0.181409
0.907222 0.73067 -0.176552
0.898845 0.728092 -0.170752
0.890991 0.725621 -0.16537
0.883486 0.723335 -0.160151
0.875108 0.721259 -0.153849
0.860796 0.71933 -0.141466
0.850499 0.717711 -0.132788
0.840725 0.716281 -0.124444
0.831824 0.715705 -0.116119
0.822923 0.71475 -0.108172
0.814371 0.713983 -0.100388
0.806866 0.71339 -0.0934754
0.796394 0.712958 -0.0834358
0.790111 0.712785 -0.0773258
0.784176 0.712726 -0.0714507
0.778591 0.712798 -0.0657931
0.773355 0.712995 -0.0603604
0.768294 0.712499 -0.0557946
0.763407 0.712939 -0.0504684
0.759044 0.713468 -0.0455752
0.753284 0.714108 -0.0391764
0.749619 0.714863 -0.0347563
0.746303 0.715695 -0.0306075
0.743336 0.716662 -0.0266738
0.740194 0.717648 -0.0225464
0.737227 0.719455 -0.0177724
0.734784 0.720655 -0.014129
0.73234 0.721879 -0.0104609
0.729199 0.723145 -0.00605307
0.727104 0.724498 -0.00260641
0.724835 0.725906 0.00107053
0.72309 0.727406 0.00431586
0.721694 0.728899 0.00720495
0.720297 0.730423 0.0101261
0.71925 0.732007 0.0127564
0.718727 0.733623 0.0148964
0.718203 0.735261 0.0170577
0.717505 0.736849 0.0193442
0.71733 0.738462 0.0211321
0.716981 0.740089 0.0231079
0.716807 0.741742 0.0249357
0.71733 0.743409 0.0260787
0.718203 0.744903 0.0267001
0.719599 0.746561 0.0269617
0.720821 0.748169 0.0273479
0.722392 0.749794 0.027402
0.723614 0.751313 0.0276998
0.724661 0.752772 0.028111
0.725882 0.754274 0.0283916
0.726581 0.755773 0.0291925
0.727279 0.758948 0.0316689
0.728849 0.760413 0.0315633
0.729897 0.761826 0.0319291
0.730769 0.763176 0.032407
0.731817 0.764523 0.0327062
0.732864 0.765891 0.033027
0.733736 0.767205 0.0334687
0.734784 0.768485 0.0337016
0.736529 0.769763 0.0332341
0.737227 0.769089 0.0318619
0.737925 0.770333 0.0324074
0.738623 0.771574 0.0329507
0.739496 0.772779 0.033283
0.740369 0.773961 0.0335919
0.741765 0.775113 0.0333485
0.742812 0.77626 0.0334479
0.743859 0.777376 0.033517
0.744732 0.778462 0.0337304
0.745779 0.779558 0.033779
0.746826 0.780584 0.0337572
0.748048 0.78158 0.0335318
0.74927 0.782577 0.0333067
0.750143 0.783524 0.033381
0.75119 0.784451 0.0332612
0.752935 0.785408 0.0324733
0.754157 0.785995 0.0318381
0.755553 0.786852 0.0312986
0.756775 0.787711 0.0309358
0.757822 0.788537 0.0307147
0.758869 0.789348 0.0304784
0.760091 0.790134 0.0300432
0.761662 0.790876 0.0292139
0.762709 0.791589 0.0288797
0.764105 0.794195 0.0300902
0.765676 0.7949 0.029224
0.767072 0.79556 0.0284882
0.768468 0.796181 0.027713
0.770039 0.796792 0.0267531
0.771436 0.797336 0.0259007
0.773181 0.797849 0.0246677
0.774403 0.79834 0.0239374
0.77545 0.7988 0.0233504
0.776497 0.799076 0.0225786
0.777544 0.799497 0.0219528
0.778417 0.799903 0.0214861
0.77894 0.800282 0.0213415
0.779115 0.800641 0.0215257
0.779988 0.801007 0.0210198
0.780686 0.80135 0.0206641
0.781558 0.801674 0.0201159
0.782606 0.801966 0.0193606
0.783653 0.802241 0.0185883
0.784525 0.802495 0.0179696
0.785398 0.802732 0.0173333
0.78662 0.80295 0.0163301
0.787143 0.80312 0.0159765
0.787842 0.803295 0.0154535
0.788365 0.803454 0.0150887
0.78854 0.803596 0.015056
0.78854 0.803857 0.0153173
0.788714 0.803984 0.0152692
0.788365 0.804104 0.0157386
0.787842 0.804233 0.0163913
0.787667 0.804373 0.0167057
0.787493 0.804516 0.0170234
0.787667 0.804662 0.0169951
0.788016 0.804805 0.0167891
0.788365 0.804941 0.0165759
0.788714 0.805069 0.0163545
0.789238 0.805122 0.0158843
0.789587 0.805228 0.0156406
0.789587 0.805325 0.0157385
0.789587 0.805424 0.0158375
0.789761 0.805523 0.015762
0.789936 0.805549 0.0156132
0.79046 0.807401 0.0169413
0.791158 0.807378 0.0162202
0.792205 0.807339 0.0151339
0.792903 0.807274 0.0143714
0.793601 0.807194 0.0135928
0.79395 0.807098 0.0131475
0.794125 0.806993 0.0128686
0.794648 0.806886 0.0122372
0.794997 0.806766 0.0117689
0.795172 0.809149 0.0139768
0.79587 0.809039 0.0131689
0.796045 0.808916 0.0128715
0.796219 0.808611 0.0123918
0.796743 0.808473 0.0117303
0.796917 0.808326 0.0114082
0.796917 0.808171 0.0112532
0.797441 0.808015 0.0105745
0.797615 0.810297 0.0126815
0.797441 0.809919 0.0124782
0.797615 0.809541 0.0119259
0.797441 0.809162 0.0117206
0.797092 0.808788 0.0116959
0.796743 0.808422 0.0116794
0.796743 0.808069 0.0113259
0.796568 0.807715 0.0111469
0.796568 0.807356 0.0107878
0.796568 0.806993 0.0104248
0.796394 0.806638 0.010244
0.796394 0.806292 0.00989855
0.796743 0.805951 0.00920783
0.797092 0.80529 0.00819863
0.797441 0.804916 0.00747479
0.797615 0.804529 0.00691311
0.797965 0.804141 0.00617695
0.797965 0.80375 0.00578592
0.798139 0.80305 0.004911
0.79779 0.802643 0.00485348
0.797615 0.802245 0.00462964
0.79779 0.801851 0.00406083
0.798139 0.80145 0.00331121
0.797965 0.800696 0.0027317
0.797965 0.800281 0.00231655
0.79779 0.790723 -0.00706721
0.797441 0.790056 -0.00738444
0.797266 0.789391 -0.00787533
0.796743 0.788026 -0.00871697
0.796219 0.787367 -0.00885179
0.795521 0.786714 -0.00880701
0.794125 0.78607 -0.00805462
0.792903 0.785469 -0.00743371
0.791856 0.767311 -0.0245451
0.790983 0.765948 -0.0250354
0.790111 0.764612 -0.0254981
0.789412 0.762696 -0.0267164
0.788889 0.761347 -0.0275416
0.788016 0.760025 -0.027991
0.786445 0.75873 -0.0277149
0.785224 0.757486 -0.0277374
0.783827 0.755618 -0.0282096
0.782431 0.776786 -0.0056449
0.781035 0.776039 -0.00499543
0.779639 0.775333 -0.00430566
0.778417 0.774644 -0.00377331
0.77737 0.772994 -0.00437602
0.775624 0.772327 -0.00329701
0.774577 0.771706 -0.0028713
0.774228 0.771099 -0.00312865
0.774054 0.770566 -0.00348789
0.773879 0.769504 -0.00437462
0.773879 0.768424 -0.00545517
0.773879 0.767343 -0.0065358
0.773704 0.766251 -0.00745362
0.77353 0.764512 -0.00901842
0.773181 0.763435 -0.00974565
0.772657 0.762379 -0.0102786
0.772134 0.761328 -0.0108053
0.771436 0.759559 -0.0118768
0.770563 0.758514 -0.0120486
0.76969 0.757485 -0.0122056
0.768294 0.756481 -0.011813
0.767421 0.755536 -0.0118849
0.766723 0.753407 -0.0133159
0.76585 0.752414 -0.013436
0.764978 0.751479 -0.0134991
0.76428 0.741304 -0.022976
0.763756 0.738408 -0.0253476
0.763058 0.736416 -0.0266415
0.762011 0.734364 -0.0276471
0.761313 0.732389 -0.0289233
0.76044 0.730484 -0.0299557
0.759567 0.727672 -0.0318956
0.758695 0.725754 -0.032941
0.757124 0.723855 -0.0332687
0.755553 0.721972 -0.033581
0.75311 0.7191 -0.0340093
0.75119 0.717317 -0.0338731
0.749095 0.715557 -0.0335379
0.74735 0.713828 -0.0335223
0.745256 0.712166 -0.0330894
0.743336 0.709015 -0.0343206
0.741241 0.724664 -0.0165776
0.739321 0.722543 -0.0167783
0.736354 0.720442 -0.0159122
0.734085 0.717492 -0.0165938
0.731642 0.715467 -0.0161749
0.729024 0.713488 -0.0155361
0.726581 0.71158 -0.0150008
0.724661 0.709708 -0.0149529
0.72309 0.708592 -0.0144979
0.721694 0.706819 -0.0148749
0.719774 0.705049 -0.0147247
0.718378 0.703352 -0.0150253
0.71733 0.700688 -0.0166423
0.716458 0.699043 -0.0174151
0.71576 0.697426 -0.0183337
0.715061 0.695798 -0.0192632
0.714538 0.694186 -0.0203513
0.71384 0.649327 -0.0645124
0.712618 0.646896 -0.0657223
0.711396 0.644518 -0.0668779
0.710349 0.642029 -0.0683199
0.709651 0.639725 -0.0699257
0.708429 0.637475 -0.0709541
0.706509 0.635202 -0.071307
0.704066 0.632961 -0.0711044
0.699004 0.539174 -0.159831
0.695339 0.535858 -0.159481
0.691849 0.532535 -0.159313
0.688358 0.529382 -0.158976
0.684693 0.526582 -0.158111
0.681551 0.523628 -0.157923
0.67806 0.520712 -0.157349
0.673348 0.517875 -0.155473
0.6634 0.577283 -0.0861168
0.655546 0.574634 -0.0809121
0.647168 0.572216 -0.0749516
0.638791 0.569906 -0.0688847
0.630413 0.567774 -0.0626389
0.621861 0.566243 -0.0556175
0.614181 0.564537 -0.0496442
0.608073 0.562996 -0.0450771
0.60179 0.561553 -0.0402362
0.598124 0.643111 0.0449868
0.594459 0.642027 0.0475678
0.591143 0.641342 0.0501985
0.588874 0.640739 0.0518654
0.58678 0.640198 0.0534188
0.584511 0.639693 0.0551826
0.583464 0.638952 0.0554887
0.584511 0.63851 0.0539993
0.58678 0.533912 -0.0528678
0.589572 0.534913 -0.0546594
0.59219 0.535861 -0.0563296
0.594634 0.536673 -0.0579604
0.597426 0.537475 -0.0599508
0.600568 0.538236 -0.0623315
0.602488 0.538941 -0.0635471
0.601266 0.539603 -0.0616626
0.598822 0.579381 -0.0194415
0.595681 0.579297 -0.0163836
0.59219 0.579951 -0.0122393
0.58835 0.580697 -0.00765395
0.584162 0.581541 -0.00262108
0.579798 0.581488 0.0016894
0.574213 0.582521 0.00830765
0.571944 0.583643 0.0116985
0.571072 0.58485 0.0137779
0.570723 0.585818 0.0150953
0.570374 0.586331 0.0159571
0.570548 0.586863 0.0163148
0.570897 0.587394 0.0164968
0.571421 0.587681 0.0162602
0.571595 0.588183 0.0165877
0.572468 0.588678 0.0162101
0.573166 0.589148 0.0159815
0.574039 0.544631 -0.0294077
0.575086 0.545659 -0.0294275
0.576308 0.546667 -0.0296405
0.57718 0.547637 -0.0295435
0.578751 0.548607 -0.0301438
0.579275 0.549962 -0.0293131
0.5791 0.550873 -0.0282272
0.577879 0.551799 -0.0260798
0.576133 0.56796 -0.00817271
0.574039 0.568449 -0.00558964
0.572119 0.56832 -0.00379853
0.570199 0.568236 -0.00196267
0.566708 0.568198 0.00148921
0.564963 0.568915 0.00395145
0.563741 0.569015 0.0052739
0.562869 0.569143 0.00627463
0.562171 0.569293 0.00712197
0.561821 0.526004 -0.0358174
0.561123 0.527148 -0.0339751
0.560774 0.527204 -0.0335703
0.560949 0.527267 -0.0336817
0.561298 0.527325 -0.0339731
0.561647 0.528715 -0.0329315
0.561647 0.528791 -0.0328564
0.5606 0.528864 -0.0317362
0.558854 0.487523 -0.071331
0.55676 0.488055 -0.0687053
0.553444 0.486788 -0.0666563
0.551524 0.485624 -0.0658999
0.549604 0.484486 -0.0651184
0.54751 0.485269 -0.0622406
0.545066 0.484267 -0.0607989
0.542274 0.483323 -0.0589513
0.538783 0.557932 0.0191484
0.535467 0.556813 0.0213463
0.523075 0.554725 0.0316503
0.519759 0.553963 0.0342043
0.516617 0.553282 0.0366643
0.514349 0.55351 0.0391616
0.51365 0.552963 0.0393131
0.514698 0.525242 0.0105444
0.516094 0.526386 0.0102922
0.51749 0.52751 0.0100201
0.518886 0.528602 0.00971559
0.520457 0.529638 0.00918081
0.522028 0.531076 0.0090477
0.522901 0.532071 0.00917048
0.52325 0.53303 0.00978054
0.523773 0.452358 -0.0714155
0.524122 0.453826 -0.0702963
0.524122 0.454145 -0.0699772
0.524122 0.454463 -0.0696597
0.523948 0.454773 -0.0691747
0.523773 0.455088 -0.0686857
0.522726 0.456802 -0.0659242
0.520632 0.457187 -0.0634444
0.515047 0.485853 -0.0291936
0.511207 0.486612 -0.0245949
0.507367 0.487478 -0.0198888
0.503178 0.48843 -0.0147483
0.499164 0.489446 -0.00971832
0.495499 0.49059 -0.00490892
0.492183 0.491814 -0.000369222
0.489216 0.493122 0.00390598
0.487994 0.494663 0.00666857
0.486947 0.496081 0.00913376
0.486249 0.497531 0.0112826
0.485725 0.498999 0.0132736
0.485027 0.500479 0.0154518
0.484852 0.502109 0.0172562
0.485027 0.503597 0.0185703
0.485376 0.50509 0.019714
0.485551 0.506551 0.0210002
0.485725 0.453424 -0.0323015
0.486074 0.45314 -0.032934
0.486423 0.452852 -0.0335713
0.487121 0.452547 -0.034574
0.487994 0.45223 -0.0357641
0.488692 0.45189 -0.0368019
0.489041 0.451528 -0.0375128
0.48782 0.451164 -0.0366552
0.485725 0.452 -0.0337249
0.483631 0.45174 -0.0318912
0.481711 0.451532 -0.0301794
0.479267 0.451369 -0.0278986
0.476998 0.451262 -0.0257367
0.473682 0.452388 -0.0212942
0.471588 0.452438 -0.0191504
0.470017 0.452536 -0.0174809
0.468446 0.471811 0.003365
0.466701 0.4726 0.00589855
0.46513 0.473433 0.00830294
0.463559 0.474299 0.0107396
0.46164 0.474866 0.0132261
0.459196 0.475831 0.0166348
0.458149 0.476849 0.0187005
0.457625 0.477871 0.0202453
0.4578 0.536562 0.0787621
0.458149 0.535663 0.077514
0.458673 0.536091 0.0774182
0.459371 0.536497 0.0771266
0.460069 0.536888 0.0768192
0.461291 0.537269 0.0759786
0.462687 0.536166 0.073479
0.465305 0.536454 0.0711487
0.46897 0.536677 0.0677071
0.47281 0.538955 0.066145
0.476649 0.53771 0.0610607
0.480315 0.536378 0.056063
0.485725 0.534961 0.049236
0.489565 0.532879 0.0433145
0.492881 0.531238 0.0383574
0.495848 0.529512 0.0336637
0.498641 0.527736 0.0290956
0.501433 0.492089 -0.00934361
0.503527 0.489178 -0.0143495
0.505273 0.486714 -0.0185592
0.50824 0.484111 -0.0241288
0.509985 0.481437 -0.0285479
0.511556 0.478163 -0.033393
0.512778 0.475424 -0.0373538
0.512603 0.4727 -0.0399032
0.511556 0.434299 -0.0772575
0.51016 0.432328 -0.0778314
0.50824 0.43038 -0.0778596
0.504749 0.428498 -0.0762512
0.502655 0.426717 -0.0759378
0.500386 0.424018 -0.0763675
0.497768 0.422344 -0.0754234
0.494626 0.420739 -0.0738873
0.490787 0.441762 -0.0490248
0.486423 0.437034 -0.0493894
0.480664 0.434429 -0.0462347
0.476824 0.431958 -0.0448664
0.472461 0.429601 -0.0428596
0.468446 0.427345 -0.0411016
0.464956 0.422258 -0.0426977
0.461989 0.420131 -0.0418576
0.459545 0.418037 -0.0415079
0.457451 0.413705 -0.0437462
0.454135 0.409894 -0.0442409
0.452215 0.406176 -0.0460389
0.45012 0.402479 -0.0476419
0.447851 0.397869 -0.0499826
0.445757 0.394302 -0.0514551
0.443488 0.390722 -0.0527666
0.441394 0.387268 -0.0541262
0.439125 0.378357 -0.0607674
0.43546 0.373614 -0.0618457
0.432842 0.370202 -0.0626393
0.430224 0.366811 -0.0634124
0.427606 0.36346 -0.0641452
0.424639 0.357976 -0.0666624
0.421497 0.354717 -0.0667796
0.418704 0.351512 -0.0671924
0.414167 0.361234 -0.0529324
0.4112 0.355809 -0.0553908
0.408233 0.350376 -0.057857
0.405265 0.344996 -0.0602696
0.402298 0.339252 -0.0630464
0.398982 0.333944 -0.0650385
0.395666 0.328757 -0.0669095
0.392525 0.323605 -0.0689198
0.387987 0.318429 -0.0695577
0.384671 0.347599 -0.0370717
0.381529 0.342305 -0.0392238
